1x1,1x2,1x3,1x4,1x5,1x6,1x7,1x8,1x9,1x10,1x11,1x12,1x13,1x14,1x15,1x16,1x17,1x18,1x19,1x20,1x21,1x22,1x23,1x24,1x25,1x26,1x27,1x28,2x1,2x2,2x3,2x4,2x5,2x6,2x7,2x8,2x9,2x10,2x11,2x12,2x13,2x14,2x15,2x16,2x17,2x18,2x19,2x20,2x21,2x22,2x23,2x24,2x25,2x26,2x27,2x28,3x1,3x2,3x3,3x4,3x5,3x6,3x7,3x8,3x9,3x10,3x11,3x12,3x13,3x14,3x15,3x16,3x17,3x18,3x19,3x20,3x21,3x22,3x23,3x24,3x25,3x26,3x27,3x28,4x1,4x2,4x3,4x4,4x5,4x6,4x7,4x8,4x9,4x10,4x11,4x12,4x13,4x14,4x15,4x16,4x17,4x18,4x19,4x20,4x21,4x22,4x23,4x24,4x25,4x26,4x27,4x28,5x1,5x2,5x3,5x4,5x5,5x6,5x7,5x8,5x9,5x10,5x11,5x12,5x13,5x14,5x15,5x16,5x17,5x18,5x19,5x20,5x21,5x22,5x23,5x24,5x25,5x26,5x27,5x28,6x1,6x2,6x3,6x4,6x5,6x6,6x7,6x8,6x9,6x10,6x11,6x12,6x13,6x14,6x15,6x16,6x17,6x18,6x19,6x20,6x21,6x22,6x23,6x24,6x25,6x26,6x27,6x28,7x1,7x2,7x3,7x4,7x5,7x6,7x7,7x8,7x9,7x10,7x11,7x12,7x13,7x14,7x15,7x16,7x17,7x18,7x19,7x20,7x21,7x22,7x23,7x24,7x25,7x26,7x27,7x28,8x1,8x2,8x3,8x4,8x5,8x6,8x7,8x8,8x9,8x10,8x11,8x12,8x13,8x14,8x15,8x16,8x17,8x18,8x19,8x20,8x21,8x22,8x23,8x24,8x25,8x26,8x27,8x28,9x1,9x2,9x3,9x4,9x5,9x6,9x7,9x8,9x9,9x10,9x11,9x12,9x13,9x14,9x15,9x16,9x17,9x18,9x19,9x20,9x21,9x22,9x23,9x24,9x25,9x26,9x27,9x28,10x1,10x2,10x3,10x4,10x5,10x6,10x7,10x8,10x9,10x10,10x11,10x12,10x13,10x14,10x15,10x16,10x17,10x18,10x19,10x20,10x21,10x22,10x23,10x24,10x25,10x26,10x27,10x28,11x1,11x2,11x3,11x4,11x5,11x6,11x7,11x8,11x9,11x10,11x11,11x12,11x13,11x14,11x15,11x16,11x17,11x18,11x19,11x20,11x21,11x22,11x23,11x24,11x25,11x26,11x27,11x28,12x1,12x2,12x3,12x4,12x5,12x6,12x7,12x8,12x9,12x10,12x11,12x12,12x13,12x14,12x15,12x16,12x17,12x18,12x19,12x20,12x21,12x22,12x23,12x24,12x25,12x26,12x27,12x28,13x1,13x2,13x3,13x4,13x5,13x6,13x7,13x8,13x9,13x10,13x11,13x12,13x13,13x14,13x15,13x16,13x17,13x18,13x19,13x20,13x21,13x22,13x23,13x24,13x25,13x26,13x27,13x28,14x1,14x2,14x3,14x4,14x5,14x6,14x7,14x8,14x9,14x10,14x11,14x12,14x13,14x14,14x15,14x16,14x17,14x18,14x19,14x20,14x21,14x22,14x23,14x24,14x25,14x26,14x27,14x28,15x1,15x2,15x3,15x4,15x5,15x6,15x7,15x8,15x9,15x10,15x11,15x12,15x13,15x14,15x15,15x16,15x17,15x18,15x19,15x20,15x21,15x22,15x23,15x24,15x25,15x26,15x27,15x28,16x1,16x2,16x3,16x4,16x5,16x6,16x7,16x8,16x9,16x10,16x11,16x12,16x13,16x14,16x15,16x16,16x17,16x18,16x19,16x20,16x21,16x22,16x23,16x24,16x25,16x26,16x27,16x28,17x1,17x2,17x3,17x4,17x5,17x6,17x7,17x8,17x9,17x10,17x11,17x12,17x13,17x14,17x15,17x16,17x17,17x18,17x19,17x20,17x21,17x22,17x23,17x24,17x25,17x26,17x27,17x28,18x1,18x2,18x3,18x4,18x5,18x6,18x7,18x8,18x9,18x10,18x11,18x12,18x13,18x14,18x15,18x16,18x17,18x18,18x19,18x20,18x21,18x22,18x23,18x24,18x25,18x26,18x27,18x28,19x1,19x2,19x3,19x4,19x5,19x6,19x7,19x8,19x9,19x10,19x11,19x12,19x13,19x14,19x15,19x16,19x17,19x18,19x19,19x20,19x21,19x22,19x23,19x24,19x25,19x26,19x27,19x28,20x1,20x2,20x3,20x4,20x5,20x6,20x7,20x8,20x9,20x10,20x11,20x12,20x13,20x14,20x15,20x16,20x17,20x18,20x19,20x20,20x21,20x22,20x23,20x24,20x25,20x26,20x27,20x28,21x1,21x2,21x3,21x4,21x5,21x6,21x7,21x8,21x9,21x10,21x11,21x12,21x13,21x14,21x15,21x16,21x17,21x18,21x19,21x20,21x21,21x22,21x23,21x24,21x25,21x26,21x27,21x28,22x1,22x2,22x3,22x4,22x5,22x6,22x7,22x8,22x9,22x10,22x11,22x12,22x13,22x14,22x15,22x16,22x17,22x18,22x19,22x20,22x21,22x22,22x23,22x24,22x25,22x26,22x27,22x28,23x1,23x2,23x3,23x4,23x5,23x6,23x7,23x8,23x9,23x10,23x11,23x12,23x13,23x14,23x15,23x16,23x17,23x18,23x19,23x20,23x21,23x22,23x23,23x24,23x25,23x26,23x27,23x28,24x1,24x2,24x3,24x4,24x5,24x6,24x7,24x8,24x9,24x10,24x11,24x12,24x13,24x14,24x15,24x16,24x17,24x18,24x19,24x20,24x21,24x22,24x23,24x24,24x25,24x26,24x27,24x28,25x1,25x2,25x3,25x4,25x5,25x6,25x7,25x8,25x9,25x10,25x11,25x12,25x13,25x14,25x15,25x16,25x17,25x18,25x19,25x20,25x21,25x22,25x23,25x24,25x25,25x26,25x27,25x28,26x1,26x2,26x3,26x4,26x5,26x6,26x7,26x8,26x9,26x10,26x11,26x12,26x13,26x14,26x15,26x16,26x17,26x18,26x19,26x20,26x21,26x22,26x23,26x24,26x25,26x26,26x27,26x28,27x1,27x2,27x3,27x4,27x5,27x6,27x7,27x8,27x9,27x10,27x11,27x12,27x13,27x14,27x15,27x16,27x17,27x18,27x19,27x20,27x21,27x22,27x23,27x24,27x25,27x26,27x27,27x28,28x1,28x2,28x3,28x4,28x5,28x6,28x7,28x8,28x9,28x10,28x11,28x12,28x13,28x14,28x15,28x16,28x17,28x18,28x19,28x20,28x21,28x22,28x23,28x24,28x25,28x26,28x27,28x28
255,255,255,255,255,255,255,255,255,255,255,255,255,255,255,255,255,255,255,255,255,255,255,255,255,255,255,255,255,255,255,255,255,255,255,255,255,250,222,182,135,94,61,49,49,49,54,89,94,122,137,192,252,255,255,255,255,255,255,255,255,255,255,254,222,112,38,4,0,0,0,0,0,0,0,0,0,0,0,31,214,255,255,255,255,255,255,255,255,255,251,149,24,0,0,0,0,0,0,0,0,0,0,0,0,0,0,12,177,255,255,255,255,255,255,255,255,254,158,16,0,0,0,4,33,55,89,102,102,102,85,46,4,0,0,12,177,255,255,255,255,255,255,255,255,231,27,0,0,0,20,131,214,248,255,255,255,255,255,192,18,0,0,12,177,255,255,255,255,255,255,255,255,146,0,0,0,7,175,255,255,255,255,255,255,255,255,192,18,0,0,12,177,255,255,255,255,255,255,255,252,93,0,0,0,64,240,255,255,255,255,255,255,255,255,192,18,0,0,12,177,255,255,255,255,255,255,255,242,72,0,0,0,91,247,255,255,255,255,255,255,255,255,192,18,0,0,12,177,255,255,255,255,255,255,255,249,83,0,0,0,75,243,255,255,255,255,255,255,255,255,192,18,0,0,12,177,255,255,255,255,255,255,255,255,136,0,0,0,12,190,253,255,255,255,255,255,255,255,192,18,0,0,12,177,255,255,255,255,255,255,255,255,219,13,0,0,0,46,172,241,249,253,255,255,255,255,192,18,0,0,12,177,255,255,255,255,255,255,255,255,253,153,12,0,0,0,2,44,91,121,130,130,130,130,98,9,0,0,12,177,255,255,255,255,255,255,255,255,255,251,162,46,3,0,0,0,0,0,0,0,0,0,0,0,0,0,12,177,255,255,255,255,255,255,255,255,255,255,254,221,148,59,3,0,0,0,0,0,0,0,0,0,0,0,12,177,255,255,255,255,255,255,255,255,255,255,255,251,148,27,0,0,0,0,9,35,36,36,27,2,0,0,12,177,255,255,255,255,255,255,255,255,255,255,248,128,6,0,0,3,81,180,235,239,239,239,180,17,0,0,12,177,255,255,255,255,255,255,255,255,255,255,170,16,0,0,3,96,235,255,255,255,255,255,192,18,0,0,12,177,255,255,255,255,255,255,255,255,255,234,46,0,0,0,52,237,255,255,255,255,255,255,192,18,0,0,12,177,255,255,255,255,255,255,255,255,254,144,5,0,0,10,167,255,255,255,255,255,255,255,192,18,0,0,12,177,255,255,255,255,255,255,255,255,245,56,0,0,0,61,236,255,255,255,255,255,255,255,192,18,0,0,12,177,255,255,255,255,255,255,255,255,191,0,0,0,0,144,255,255,255,255,255,255,255,255,192,18,0,0,12,177,255,255,255,255,255,255,255,245,86,0,0,0,28,228,255,255,255,255,255,255,255,255,192,18,0,0,12,177,255,255,255,255,255,255,255,203,22,0,0,1,105,249,255,255,255,255,255,255,255,255,192,18,0,0,12,177,255,255,255,255,255,255,255,123,0,0,0,10,199,255,255,255,255,255,255,255,255,255,192,18,0,0,12,177,255,255,255,255,255,255,230,34,0,0,0,67,254,255,255,255,255,255,255,255,255,255,192,18,0,0,12,177,255,255,255,255,255,255,234,94,49,49,80,198,255,255,255,255,255,255,255,255,255,255,230,108,49,49,87,216,255,255,255,255,255,255,255,255,255,255,255,255,255,255,255,255,255,255,255,255,255,255,255,255,255,255,255,255,255,255,255
255,255,255,255,255,255,255,255,255,255,255,255,255,255,255,255,255,255,255,255,255,255,255,255,255,255,255,255,255,255,255,213,79,49,49,119,237,255,255,255,255,255,255,255,255,255,255,255,174,63,49,56,155,254,255,255,255,255,255,152,2,0,0,35,215,255,255,255,255,255,255,255,255,255,255,255,107,0,0,0,79,252,255,255,255,255,255,146,0,0,0,35,215,255,255,255,255,255,255,255,255,255,255,255,107,0,0,0,79,252,255,255,255,255,255,146,0,0,0,35,215,255,255,255,255,255,255,255,255,255,255,255,107,0,0,0,79,252,255,255,255,255,255,146,0,0,0,35,215,255,255,255,255,255,255,255,255,255,255,255,107,0,0,0,79,252,255,255,255,255,255,146,0,0,0,35,215,255,255,255,255,255,255,255,255,255,255,255,107,0,0,0,79,252,255,255,255,255,255,146,0,0,0,35,215,255,255,255,255,255,255,255,255,255,255,255,107,0,0,0,79,252,255,255,255,255,255,146,0,0,0,35,215,255,255,255,255,255,255,255,255,255,255,255,107,0,0,0,79,252,255,255,255,255,255,146,0,0,0,35,215,255,255,255,255,255,255,255,255,255,255,255,107,0,0,0,79,252,255,255,255,255,255,146,0,0,0,35,215,255,255,255,255,255,255,255,255,255,255,255,107,0,0,0,79,252,255,255,255,255,255,146,0,0,0,27,166,198,198,198,198,198,198,198,198,198,198,198,82,0,0,0,79,252,255,255,255,255,255,146,0,0,0,0,0,0,0,0,0,0,0,0,0,0,0,0,0,0,0,0,79,252,255,255,255,255,255,146,0,0,0,0,0,0,0,0,0,0,0,0,0,0,0,0,0,0,0,0,79,252,255,255,255,255,255,146,0,0,0,0,0,0,0,0,0,0,0,0,0,0,0,0,0,0,0,0,79,252,255,255,255,255,255,146,0,0,0,18,110,130,130,130,130,130,130,130,130,130,130,130,55,0,0,0,79,252,255,255,255,255,255,146,0,0,0,35,215,255,255,255,255,255,255,255,255,255,255,255,107,0,0,0,79,252,255,255,255,255,255,146,0,0,0,35,215,255,255,255,255,255,255,255,255,255,255,255,107,0,0,0,79,252,255,255,255,255,255,146,0,0,0,35,215,255,255,255,255,255,255,255,255,255,255,255,107,0,0,0,79,252,255,255,255,255,255,146,0,0,0,35,215,255,255,255,255,255,255,255,255,255,255,255,107,0,0,0,79,252,255,255,255,255,255,146,0,0,0,35,215,255,255,255,255,255,255,255,255,255,255,255,107,0,0,0,79,252,255,255,255,255,255,146,0,0,0,35,215,255,255,255,255,255,255,255,255,255,255,255,107,0,0,0,79,252,255,255,255,255,255,146,0,0,0,35,215,255,255,255,255,255,255,255,255,255,255,255,107,0,0,0,79,252,255,255,255,255,255,146,0,0,0,35,215,255,255,255,255,255,255,255,255,255,255,255,107,0,0,0,79,252,255,255,255,255,255,146,0,0,0,35,215,255,255,255,255,255,255,255,255,255,255,255,107,0,0,0,79,252,255,255,255,255,255,152,2,0,0,35,215,255,255,255,255,255,255,255,255,255,255,255,107,0,0,0,79,252,255,255,255,255,255,213,85,49,49,119,237,255,255,255,255,255,255,255,255,255,255,255,174,63,49,58,159,254,255,255,255,255,255,255,255,255,255,255,255,255,255,255,255,255,255,255,255,255,255,255,255,255,255,255,255,255,255,255
255,255,255,255,255,255,255,255,255,255,255,255,255,255,255,255,255,255,255,255,255,255,255,255,255,255,255,255,255,255,255,255,255,255,255,255,255,231,176,117,68,39,36,48,89,144,205,251,255,255,255,255,255,255,255,255,255,255,255,255,255,255,255,244,154,55,7,0,0,0,0,0,0,0,26,103,226,254,255,255,255,255,255,255,255,255,255,255,255,255,234,94,0,0,0,0,0,0,0,0,0,0,0,0,40,202,255,255,255,255,255,255,255,255,255,255,255,231,66,0,0,0,2,44,105,145,147,113,57,4,0,0,0,32,205,255,255,255,255,255,255,255,255,255,251,112,4,0,0,19,134,233,252,255,255,253,238,163,33,0,0,1,76,248,255,255,255,255,255,255,255,255,196,20,0,0,8,158,250,255,255,255,255,255,255,253,173,13,0,0,14,183,255,255,255,255,255,255,255,255,88,0,0,0,89,246,255,255,255,255,255,255,255,255,246,89,0,0,0,91,255,255,255,255,255,255,255,237,6,0,0,0,208,255,255,255,255,255,255,255,255,255,255,188,0,0,0,17,255,255,255,255,255,255,255,167,0,0,0,37,252,255,255,255,255,255,255,255,255,255,255,243,0,0,0,0,221,255,255,255,255,255,254,114,0,0,0,85,255,255,255,255,255,255,255,255,255,255,255,255,23,0,0,0,192,255,255,255,255,255,245,80,0,0,0,65,150,150,150,150,150,150,150,150,150,150,150,150,23,0,0,0,188,255,255,255,255,255,238,59,0,0,0,0,0,0,0,0,0,0,0,0,0,0,0,0,0,0,0,0,159,255,255,255,255,255,238,59,0,0,0,0,0,0,0,0,0,0,0,0,0,0,0,0,0,0,0,0,193,255,255,255,255,255,238,59,0,0,0,16,36,36,36,36,36,36,36,36,36,36,36,36,36,36,38,90,245,255,255,255,255,255,238,59,0,0,0,111,255,255,255,255,255,255,255,255,255,255,255,255,255,255,255,255,255,255,255,255,255,255,243,73,0,0,0,93,255,255,255,255,255,255,255,255,255,255,255,255,255,255,255,255,255,255,255,255,255,255,250,94,0,0,0,63,255,255,255,255,255,255,255,255,255,255,255,255,255,255,255,255,255,255,255,255,255,255,255,142,0,0,0,12,249,255,255,255,255,255,255,255,255,255,255,255,255,255,255,255,255,255,255,255,255,255,255,203,0,0,0,0,177,255,255,255,255,255,255,255,255,255,255,255,255,255,255,255,255,255,255,255,255,255,255,255,45,0,0,0,57,233,255,255,255,255,255,255,255,255,255,255,255,255,255,255,255,255,255,255,255,255,255,255,151,7,0,0,3,114,238,255,255,255,255,255,255,255,255,255,255,229,194,239,255,255,255,255,255,255,255,255,236,59,1,0,0,7,75,198,237,248,255,255,252,244,232,204,121,50,16,173,255,255,255,255,255,255,255,255,255,200,29,0,0,0,0,4,56,89,109,109,101,77,39,3,0,0,0,146,255,255,255,255,255,255,255,255,255,255,204,55,0,0,0,0,0,0,0,0,0,0,0,0,0,0,17,196,255,255,255,255,255,255,255,255,255,255,254,236,119,40,4,0,0,0,0,0,0,0,0,6,38,83,187,250,255,255,255,255,255,255,255,255,255,255,255,255,253,221,168,117,72,41,36,36,59,93,136,180,220,248,255,255,255,255,255,255,255,255,255,255,255,255,255,255,255,255,255,255,255,255,255,255,255,255,255,255,255,255,255,255,255,255,255,255
255,255,255,255,255,255,255,255,255,255,255,255,255,255,255,255,255,255,255,255,255,255,255,255,255,255,255,255,255,255,255,255,255,255,255,255,227,184,135,89,48,36,39,68,112,168,224,255,255,255,255,255,255,255,255,255,255,255,255,255,255,254,227,125,45,10,0,0,0,0,0,0,0,4,45,145,248,255,255,255,255,255,255,255,255,255,255,255,255,220,55,0,0,0,0,0,0,0,0,0,0,0,0,0,129,248,255,255,255,255,255,255,255,255,255,255,255,152,0,0,0,11,65,103,150,150,119,74,4,0,0,0,0,162,255,255,255,255,255,255,255,255,255,255,255,148,1,24,109,206,240,253,255,255,254,243,177,31,0,0,0,65,241,255,255,255,255,255,255,255,255,255,255,179,81,198,252,255,255,255,255,255,255,255,255,143,2,0,0,32,215,255,255,255,255,255,255,255,255,255,255,255,255,255,255,255,255,255,255,255,255,255,255,200,18,0,0,20,202,255,255,255,255,255,255,255,255,255,255,255,255,255,255,255,255,255,255,255,255,255,255,202,20,0,0,27,209,255,255,255,255,255,255,255,255,255,255,255,255,255,255,255,255,255,255,255,255,255,255,160,3,0,0,58,237,255,255,255,255,255,255,255,255,255,255,255,255,255,255,255,255,255,255,255,255,253,218,50,0,0,3,142,255,255,255,255,255,255,255,255,255,255,255,255,255,255,255,255,255,255,255,252,221,140,34,0,0,0,84,241,255,255,255,255,255,255,255,255,255,255,255,255,255,255,161,45,41,41,41,11,0,0,0,0,19,122,249,255,255,255,255,255,255,255,255,255,255,255,255,255,255,255,83,0,0,0,0,0,0,0,0,14,116,210,255,255,255,255,255,255,255,255,255,255,255,255,255,255,255,255,104,1,0,0,0,0,0,0,0,0,2,34,151,244,255,255,255,255,255,255,255,255,255,255,255,255,255,255,213,149,146,146,146,125,96,41,0,0,0,0,3,125,249,255,255,255,255,255,255,255,255,255,255,255,255,255,255,255,255,255,255,255,255,255,190,62,0,0,0,8,169,255,255,255,255,255,255,255,255,255,255,255,255,255,255,255,255,255,255,255,255,255,255,221,51,0,0,0,66,253,255,255,255,255,255,255,255,255,255,255,255,255,255,255,255,255,255,255,255,255,255,255,124,0,0,0,30,234,255,255,255,255,255,255,255,255,255,255,255,255,255,255,255,255,255,255,255,255,255,255,151,0,0,0,28,229,255,255,255,255,255,255,255,255,255,255,255,255,255,255,255,255,255,255,255,255,255,253,103,0,0,0,29,234,255,255,255,255,255,255,255,255,255,97,130,229,255,255,255,255,255,255,255,255,255,197,31,0,0,0,70,253,255,255,255,255,255,255,255,255,255,36,4,47,155,221,240,251,255,255,248,236,180,48,0,0,0,8,165,255,255,255,255,255,255,255,255,255,255,36,0,0,0,21,66,98,109,109,89,52,0,0,0,0,0,82,241,255,255,255,255,255,255,255,255,255,255,137,9,0,0,0,0,0,0,0,0,0,0,0,0,0,89,232,255,255,255,255,255,255,255,255,255,255,255,246,175,67,14,0,0,0,0,0,0,0,0,9,55,149,244,255,255,255,255,255,255,255,255,255,255,255,255,255,255,241,196,143,93,54,36,36,48,82,129,186,233,255,255,255,255,255,255,255,255,255,255,255,255,255,255,255,255,255,255,255,255,255,255,255,255,255,255,255,255,255,255,255,255,255,255,255,255,255
255,255,255,255,255,255,255,255,255,255,255,255,255,255,255,255,255,255,255,255,255,255,255,255,255,255,255,255,255,255,255,213,79,49,49,119,237,255,255,255,255,255,255,255,255,255,255,255,174,63,49,56,155,254,255,255,255,255,255,152,2,0,0,35,215,255,255,255,255,255,255,255,255,255,255,255,107,0,0,0,79,252,255,255,255,255,255,146,0,0,0,35,215,255,255,255,255,255,255,255,255,255,255,255,107,0,0,0,79,252,255,255,255,255,255,146,0,0,0,35,215,255,255,255,255,255,255,255,255,255,255,255,107,0,0,0,79,252,255,255,255,255,255,146,0,0,0,35,215,255,255,255,255,255,255,255,255,255,255,255,107,0,0,0,79,252,255,255,255,255,255,146,0,0,0,35,215,255,255,255,255,255,255,255,255,255,255,255,107,0,0,0,79,252,255,255,255,255,255,146,0,0,0,35,215,255,255,255,255,255,255,255,255,255,255,255,107,0,0,0,79,252,255,255,255,255,255,146,0,0,0,35,215,255,255,255,255,255,255,255,255,255,255,255,107,0,0,0,79,252,255,255,255,255,255,146,0,0,0,35,215,255,255,255,255,255,255,255,255,255,255,255,107,0,0,0,79,252,255,255,255,255,255,146,0,0,0,35,215,255,255,255,255,255,255,255,255,255,255,255,107,0,0,0,79,252,255,255,255,255,255,146,0,0,0,27,166,198,198,198,198,198,198,198,198,198,198,198,82,0,0,0,79,252,255,255,255,255,255,146,0,0,0,0,0,0,0,0,0,0,0,0,0,0,0,0,0,0,0,0,79,252,255,255,255,255,255,146,0,0,0,0,0,0,0,0,0,0,0,0,0,0,0,0,0,0,0,0,79,252,255,255,255,255,255,146,0,0,0,0,0,0,0,0,0,0,0,0,0,0,0,0,0,0,0,0,79,252,255,255,255,255,255,146,0,0,0,18,110,130,130,130,130,130,130,130,130,130,130,130,55,0,0,0,79,252,255,255,255,255,255,146,0,0,0,35,215,255,255,255,255,255,255,255,255,255,255,255,107,0,0,0,79,252,255,255,255,255,255,146,0,0,0,35,215,255,255,255,255,255,255,255,255,255,255,255,107,0,0,0,79,252,255,255,255,255,255,146,0,0,0,35,215,255,255,255,255,255,255,255,255,255,255,255,107,0,0,0,79,252,255,255,255,255,255,146,0,0,0,35,215,255,255,255,255,255,255,255,255,255,255,255,107,0,0,0,79,252,255,255,255,255,255,146,0,0,0,35,215,255,255,255,255,255,255,255,255,255,255,255,107,0,0,0,79,252,255,255,255,255,255,146,0,0,0,35,215,255,255,255,255,255,255,255,255,255,255,255,107,0,0,0,79,252,255,255,255,255,255,146,0,0,0,35,215,255,255,255,255,255,255,255,255,255,255,255,107,0,0,0,79,252,255,255,255,255,255,146,0,0,0,35,215,255,255,255,255,255,255,255,255,255,255,255,107,0,0,0,79,252,255,255,255,255,255,146,0,0,0,35,215,255,255,255,255,255,255,255,255,255,255,255,107,0,0,0,79,252,255,255,255,255,255,152,2,0,0,35,215,255,255,255,255,255,255,255,255,255,255,255,107,0,0,0,79,252,255,255,255,255,255,213,85,49,49,119,237,255,255,255,255,255,255,255,255,255,255,255,174,63,49,58,159,254,255,255,255,255,255,255,255,255,255,255,255,255,255,255,255,255,255,255,255,255,255,255,255,255,255,255,255,255,255,255
255,255,255,255,255,255,255,255,255,255,255,255,255,255,255,255,255,255,255,255,255,255,255,255,255,255,255,255,255,255,255,255,255,255,255,255,237,194,145,98,60,36,36,48,85,129,186,239,255,255,255,255,255,255,255,255,255,255,255,255,255,253,228,144,55,15,0,0,0,0,0,0,0,0,12,63,201,252,255,255,255,255,255,255,255,255,255,255,255,199,46,0,0,0,0,0,0,0,0,0,0,0,0,0,19,182,255,255,255,255,255,255,255,255,255,255,255,107,0,0,0,0,21,73,101,109,106,79,26,0,0,0,0,36,218,255,255,255,255,255,255,255,255,255,255,96,0,6,67,161,220,243,252,255,254,245,219,100,7,0,0,1,132,255,255,255,255,255,255,255,255,255,255,165,64,166,241,255,255,255,255,255,255,255,255,238,72,0,0,0,55,252,255,255,255,255,255,255,255,255,255,255,255,255,255,255,255,255,255,255,255,255,255,255,171,0,0,0,28,228,255,255,255,255,255,255,255,255,255,255,255,255,255,255,255,255,255,255,255,255,255,255,222,10,0,0,20,204,255,255,255,255,255,255,255,255,255,255,255,255,255,255,255,255,255,255,255,255,255,255,228,29,0,0,20,204,255,255,255,255,255,255,255,255,255,255,255,255,255,255,255,255,255,255,255,255,255,255,229,30,0,0,20,204,255,255,255,255,255,255,255,255,255,255,255,255,255,255,255,240,202,179,152,150,150,150,134,17,0,0,20,204,255,255,255,255,255,255,255,255,255,255,255,255,207,122,48,0,0,0,0,0,0,0,0,0,0,0,20,204,255,255,255,255,255,255,255,255,255,255,228,116,20,1,0,0,0,0,0,0,0,0,0,0,0,0,20,204,255,255,255,255,255,255,255,255,255,225,76,2,0,0,0,3,21,29,36,36,36,36,33,4,0,0,20,204,255,255,255,255,255,255,255,255,250,94,0,0,0,0,39,140,209,233,253,255,255,255,229,30,0,0,20,204,255,255,255,255,255,255,255,255,189,15,0,0,0,99,241,255,255,255,255,255,255,255,229,30,0,0,20,204,255,255,255,255,255,255,255,255,118,1,0,0,38,224,255,255,255,255,255,255,255,255,229,30,0,0,20,204,255,255,255,255,255,255,255,255,83,0,0,0,94,250,255,255,255,255,255,255,255,255,229,30,0,0,20,204,255,255,255,255,255,255,255,255,78,0,0,0,109,255,255,255,255,255,255,255,255,255,229,30,0,0,20,204,255,255,255,255,255,255,255,255,78,0,0,0,91,249,255,255,255,255,255,255,255,249,135,0,0,0,20,204,255,255,255,255,255,255,255,255,116,0,0,0,37,221,255,255,255,255,255,255,244,133,13,0,0,0,20,204,255,255,255,255,255,255,255,255,184,13,0,0,0,90,222,252,255,255,248,221,90,7,0,1,0,0,20,204,255,255,255,255,255,255,255,255,246,73,0,0,0,0,38,106,150,141,92,27,0,0,14,68,0,0,20,204,255,255,255,255,255,255,255,255,255,213,50,0,0,0,0,0,0,0,0,0,0,41,191,150,0,0,20,204,255,255,255,255,255,255,255,255,255,254,215,93,14,0,0,0,0,0,0,17,101,222,253,166,6,0,31,213,255,255,255,255,255,255,255,255,255,255,255,245,188,126,77,36,36,68,124,195,249,255,255,241,188,182,199,249,255,255,255,255,255,255,255,255,255,255,255,255,255,255,255,255,255,255,255,255,255,255,255,255,255,255,255,255,255,255,255,255
255,255,255,255,255,255,255,255,255,255,255,255,255,255,255,255,255,255,255,255,255,255,255,255,255,255,255,255,255,255,255,255,255,255,255,255,255,255,255,255,255,255,255,255,255,255,255,255,255,255,255,255,255,255,255,255,255,255,255,255,255,255,255,255,255,255,255,255,255,255,255,255,255,255,255,255,255,255,255,255,255,255,255,255,254,221,203,207,241,255,255,255,255,255,255,255,255,252,220,166,117,84,82,100,138,198,242,255,255,255,255,255,245,31,0,5,145,255,255,255,255,255,255,255,225,110,26,0,0,0,0,0,0,7,63,182,251,255,255,255,242,0,0,0,130,255,255,255,255,255,255,198,47,0,0,0,0,0,0,0,0,0,0,13,146,251,255,255,242,0,0,0,130,255,255,255,255,255,224,39,0,0,0,44,130,178,183,145,69,2,0,0,9,164,254,255,242,0,0,0,130,255,255,255,255,252,91,0,0,2,102,234,254,255,255,255,246,142,6,0,0,33,231,255,242,0,0,0,130,255,255,255,255,210,3,0,0,81,244,255,255,255,255,255,255,251,111,0,0,0,146,255,242,0,0,0,130,255,255,255,255,115,0,0,14,197,255,255,255,255,255,255,255,255,219,24,0,0,64,250,242,0,0,0,130,255,255,255,255,49,0,0,56,249,255,255,255,255,255,255,255,255,252,72,0,0,10,241,242,0,0,0,130,255,255,255,244,4,0,0,110,255,255,255,255,255,255,255,255,255,255,122,0,0,0,207,242,0,0,0,44,86,86,86,77,1,0,0,144,255,255,255,255,255,255,255,255,255,255,150,0,0,0,186,242,0,0,0,0,0,0,0,0,0,0,0,166,255,255,255,255,255,255,255,255,255,255,157,0,0,0,186,242,0,0,0,0,0,0,0,0,0,0,0,166,255,255,255,255,255,255,255,255,255,255,157,0,0,0,186,242,0,0,0,106,207,207,207,168,2,0,0,144,255,255,255,255,255,255,255,255,255,255,150,0,0,0,195,242,0,0,0,130,255,255,255,228,3,0,0,120,255,255,255,255,255,255,255,255,255,255,119,0,0,0,228,242,0,0,0,130,255,255,255,253,15,0,0,69,255,255,255,255,255,255,255,255,255,250,66,0,0,40,247,242,0,0,0,130,255,255,255,255,76,0,0,25,220,255,255,255,255,255,255,255,255,210,19,0,0,106,254,242,0,0,0,130,255,255,255,255,159,0,0,0,119,253,255,255,255,255,255,255,248,96,0,0,6,204,255,242,0,0,0,130,255,255,255,255,237,26,0,0,10,150,247,255,255,255,255,239,123,2,0,0,101,250,255,242,0,0,0,130,255,255,255,255,255,163,7,0,0,5,73,149,182,180,136,50,0,0,0,49,227,255,255,242,0,0,0,130,255,255,255,255,255,251,136,10,0,0,0,0,0,0,0,0,0,1,57,211,255,255,255,245,33,0,5,145,255,255,255,255,255,255,251,172,60,6,0,0,0,0,0,1,25,116,228,255,255,255,255,254,223,203,207,241,255,255,255,255,255,255,255,255,241,193,140,103,82,83,114,167,222,253,255,255,255,255,255,255,255,255,255,255,255,255,255,255,255,255,255,255,255,255,255,255,255,255,255,255,255,255,255,255,255,255,255,255,255,255,255,255,255,255,255,255,255,255,255,255,255,255,255,255,255,255,255,255,255,255,255,255,255,255,255,255,255,255,255,255,255,255,255,255,255,255,255,255,255,255,255,255,255,255,255,255,255,255,255,255,255,255,255
255,255,255,255,255,255,255,255,255,255,255,255,255,255,255,255,255,255,255,255,255,255,255,255,255,255,255,255,255,255,255,255,137,56,49,62,181,255,255,255,255,255,255,255,255,255,255,202,73,49,52,119,245,255,255,255,255,255,255,255,43,0,0,0,98,255,255,255,255,255,255,255,255,255,255,132,0,0,0,33,229,255,255,255,255,255,255,255,43,0,0,0,98,255,255,255,255,255,255,255,255,255,255,132,0,0,0,33,229,255,255,255,255,255,255,255,43,0,0,0,98,255,255,255,255,255,255,255,255,255,255,132,0,0,0,33,229,255,255,255,255,255,255,255,43,0,0,0,98,255,255,255,255,255,255,255,255,255,255,132,0,0,0,33,229,255,255,255,255,255,255,255,43,0,0,0,98,255,255,255,255,255,255,255,255,255,255,132,0,0,0,33,229,255,255,255,255,255,255,255,43,0,0,0,98,255,255,255,255,255,255,255,255,255,255,132,0,0,0,33,229,255,255,255,255,255,255,255,43,0,0,0,98,255,255,255,255,255,255,255,255,255,255,132,0,0,0,33,229,255,255,255,255,255,255,255,43,0,0,0,98,255,255,255,255,255,255,255,255,255,255,132,0,0,0,33,229,255,255,255,255,255,255,255,52,0,0,0,76,255,255,255,255,255,255,255,255,255,255,132,0,0,0,33,229,255,255,255,255,255,255,255,85,0,0,0,28,244,255,255,255,255,255,255,255,255,255,132,0,0,0,33,229,255,255,255,255,255,255,255,133,0,0,0,5,153,253,255,255,255,255,255,255,255,250,111,0,0,0,33,229,255,255,255,255,255,255,255,194,15,0,0,0,26,155,227,250,255,250,233,205,155,65,10,0,0,0,33,229,255,255,255,255,255,255,255,242,89,0,0,0,0,9,48,71,76,71,54,26,3,0,0,0,0,0,33,229,255,255,255,255,255,255,255,255,222,47,0,0,0,0,0,0,0,0,0,0,0,0,0,0,0,0,33,229,255,255,255,255,255,255,255,255,255,221,90,18,0,0,0,0,0,0,0,0,16,60,60,0,0,0,33,229,255,255,255,255,255,255,255,255,255,255,244,198,133,77,42,33,33,56,95,141,193,237,132,0,0,0,33,229,255,255,255,255,255,255,255,255,255,255,255,255,255,255,255,255,255,255,255,255,255,255,132,0,0,0,33,229,255,255,255,255,255,255,255,255,255,255,255,255,255,255,255,255,255,255,255,255,255,255,132,0,0,0,33,229,255,255,255,255,255,255,255,255,255,255,255,255,255,255,255,255,255,255,255,255,255,255,132,0,0,0,33,229,255,255,255,255,255,255,255,255,255,255,255,255,255,255,255,255,255,255,255,255,255,255,132,0,0,0,33,229,255,255,255,255,255,255,255,255,255,255,255,255,255,255,255,255,255,255,255,255,255,255,132,0,0,0,33,229,255,255,255,255,255,255,255,255,255,255,255,255,255,255,255,255,255,255,255,255,255,255,132,0,0,0,33,229,255,255,255,255,255,255,255,255,255,255,255,255,255,255,255,255,255,255,255,255,255,255,132,0,0,0,33,229,255,255,255,255,255,255,255,255,255,255,255,255,255,255,255,255,255,255,255,255,255,255,132,0,0,0,33,229,255,255,255,255,255,255,255,255,255,255,255,255,255,255,255,255,255,255,255,255,255,255,202,80,49,52,119,245,255,255,255,255,255,255,255,255,255,255,255,255,255,255,255,255,255,255,255,255,255,255,255,255,255,255,255,255,255,255,255
255,255,255,255,255,255,255,255,255,255,255,255,255,255,255,255,255,255,255,255,255,255,255,255,255,255,255,255,255,255,254,163,54,49,49,49,49,49,49,49,49,49,49,49,49,49,49,49,49,49,49,127,255,255,255,255,255,255,253,85,0,0,0,0,0,0,0,0,0,0,0,0,0,0,0,0,0,0,0,40,246,255,255,255,255,255,252,79,0,0,0,0,0,0,0,0,0,0,0,0,0,0,0,0,0,0,0,35,234,255,255,255,255,255,254,122,19,17,17,17,17,17,17,5,0,0,0,4,16,17,17,17,17,17,17,76,253,255,255,255,255,255,255,235,192,188,188,188,188,188,188,60,0,0,0,51,181,188,188,188,188,188,188,220,255,255,255,255,255,255,255,255,255,255,255,255,255,255,255,81,0,0,0,70,245,255,255,255,255,255,255,255,255,255,255,255,255,255,255,255,255,255,255,255,255,255,255,81,0,0,0,70,245,255,255,255,255,255,255,255,255,255,255,255,255,255,255,255,255,255,255,255,255,255,255,81,0,0,0,70,245,255,255,255,255,255,255,255,255,255,255,255,255,255,255,255,255,255,255,255,255,255,255,81,0,0,0,70,245,255,255,255,255,255,255,255,255,255,255,255,255,255,255,255,255,255,255,255,255,255,255,81,0,0,0,70,245,255,255,255,255,255,255,255,255,255,255,255,255,255,255,255,255,255,255,255,255,255,255,81,0,0,0,70,245,255,255,255,255,255,255,255,255,255,255,255,255,255,255,255,255,255,255,255,255,255,255,81,0,0,0,70,245,255,255,255,255,255,255,255,255,255,255,255,255,255,255,255,255,255,255,255,255,255,255,81,0,0,0,70,245,255,255,255,255,255,255,255,255,255,255,255,255,255,255,255,255,255,255,255,255,255,255,81,0,0,0,70,245,255,255,255,255,255,255,255,255,255,255,255,255,255,255,255,255,255,255,255,255,255,255,81,0,0,0,70,245,255,255,255,255,255,255,255,255,255,255,255,255,255,255,255,255,255,255,255,255,255,255,81,0,0,0,70,245,255,255,255,255,255,255,255,255,255,255,255,255,255,255,255,255,255,255,255,255,255,255,81,0,0,0,70,245,255,255,255,255,255,255,255,255,255,255,255,255,255,255,255,255,255,255,255,255,255,255,81,0,0,0,70,245,255,255,255,255,255,255,255,255,255,255,255,255,255,255,255,255,255,255,255,255,255,255,81,0,0,0,70,245,255,255,255,255,255,255,255,255,255,255,255,255,255,255,255,255,255,255,255,255,255,255,81,0,0,0,70,245,255,255,255,255,255,255,255,255,255,255,255,255,255,255,255,255,255,255,255,255,255,255,81,0,0,0,70,245,255,255,255,255,255,255,255,255,255,255,255,255,255,255,255,255,255,255,255,255,255,255,81,0,0,0,70,245,255,255,255,255,255,255,255,255,255,255,255,255,255,255,255,255,255,255,255,255,255,255,81,0,0,0,70,245,255,255,255,255,255,255,255,255,255,255,255,255,255,255,255,255,255,255,255,255,255,255,81,0,0,0,70,245,255,255,255,255,255,255,255,255,255,255,255,255,255,255,255,255,255,255,255,255,255,255,85,0,0,0,70,245,255,255,255,255,255,255,255,255,255,255,255,255,255,255,255,255,255,255,255,255,255,255,179,65,49,54,152,250,255,255,255,255,255,255,255,255,255,255,255,255,255,255,255,255,255,255,255,255,255,255,255,255,255,255,255,255,255,255,255,255,255,255,255,255,255,255,255
255,255,255,255,255,255,255,255,255,255,255,255,255,255,255,255,255,255,255,255,255,255,255,255,255,255,255,255,255,255,255,255,255,255,255,255,239,189,131,85,48,36,36,60,98,154,209,248,255,255,255,255,255,255,255,255,255,255,255,255,255,255,244,178,63,12,0,0,0,0,0,0,0,1,26,89,212,253,255,255,255,255,255,255,255,255,255,255,255,241,108,6,0,0,0,0,0,0,0,0,0,0,0,0,25,178,255,255,255,255,255,255,255,255,255,255,239,86,0,0,0,0,2,32,73,84,80,46,4,0,0,0,0,17,167,255,255,255,255,255,255,255,255,255,107,3,0,0,0,52,162,229,243,246,245,234,192,74,6,0,0,0,33,213,255,255,255,255,255,255,255,202,8,0,0,0,66,218,255,255,255,255,255,255,255,237,112,3,0,0,1,103,255,255,255,255,255,255,248,92,0,0,0,11,222,255,255,255,255,255,255,255,255,255,233,57,0,0,0,9,231,255,255,255,255,255,214,13,0,0,2,133,255,255,255,255,255,255,255,255,255,255,255,185,0,0,0,0,148,255,255,255,255,255,155,0,0,0,22,211,255,255,255,255,255,255,255,255,255,255,255,250,23,0,0,0,88,248,255,255,255,255,98,0,0,0,46,249,255,255,255,255,255,255,255,255,255,255,255,255,83,0,0,0,58,238,255,255,255,245,63,0,0,0,99,255,255,255,255,255,255,255,255,255,255,255,255,255,125,0,0,0,30,229,255,255,255,234,52,0,0,0,122,255,255,255,255,255,255,255,255,255,255,255,255,255,146,0,0,0,4,220,255,255,255,223,40,0,0,0,146,255,255,255,255,255,255,255,255,255,255,255,255,255,172,9,0,0,0,219,255,255,255,221,39,0,0,0,146,255,255,255,255,255,255,255,255,255,255,255,255,255,172,9,0,0,1,219,255,255,255,226,44,0,0,0,122,255,255,255,255,255,255,255,255,255,255,255,255,255,146,0,0,0,21,225,255,255,255,238,56,0,0,0,99,255,255,255,255,255,255,255,255,255,255,255,255,255,125,0,0,0,43,233,255,255,255,253,76,0,0,0,53,253,255,255,255,255,255,255,255,255,255,255,255,255,80,0,0,0,75,243,255,255,255,255,119,0,0,0,25,221,255,255,255,255,255,255,255,255,255,255,255,248,20,0,0,0,124,253,255,255,255,255,182,0,0,0,5,151,255,255,255,255,255,255,255,255,255,255,255,173,0,0,0,0,199,255,255,255,255,255,233,43,0,0,0,28,233,255,255,255,255,255,255,255,255,255,230,47,0,0,0,52,255,255,255,255,255,255,252,130,0,0,0,0,88,227,255,255,255,255,255,255,255,228,90,1,0,0,11,171,255,255,255,255,255,255,255,238,36,0,0,0,2,63,177,232,244,246,244,233,179,60,4,0,0,2,95,248,255,255,255,255,255,255,255,255,191,18,0,0,0,0,3,39,77,84,77,43,0,0,0,0,0,62,222,255,255,255,255,255,255,255,255,255,255,191,41,0,0,0,0,0,0,0,0,0,0,0,0,0,93,232,255,255,255,255,255,255,255,255,255,255,255,253,222,109,31,2,0,0,0,0,0,0,0,11,57,158,245,255,255,255,255,255,255,255,255,255,255,255,255,255,255,252,213,159,109,65,36,36,42,82,129,189,233,255,255,255,255,255,255,255,255,255,255,255,255,255,255,255,255,255,255,255,255,255,255,255,255,255,255,255,255,255,255,255,255,255,255,255,255,255
255,255,255,255,255,255,255,255,255,255,255,255,255,255,255,255,255,255,255,255,255,255,255,255,255,255,255,255,255,255,255,255,255,255,255,255,255,255,255,255,255,255,255,255,255,255,255,255,255,255,255,255,255,255,255,255,255,255,255,255,255,255,255,255,255,255,255,255,255,255,255,255,255,255,255,255,255,255,255,255,255,255,255,255,255,255,255,214,119,112,112,140,228,255,255,255,255,255,255,255,255,255,255,242,159,114,112,115,192,254,255,255,255,255,249,61,0,0,0,0,55,240,255,255,255,255,255,255,255,255,254,102,1,0,0,0,30,245,255,255,255,255,244,20,0,0,1,0,6,173,255,255,255,255,255,255,255,255,219,23,0,0,0,0,0,234,255,255,255,255,233,0,0,5,29,0,0,97,254,255,255,255,255,255,255,255,151,2,0,19,4,0,0,205,255,255,255,255,205,0,0,9,106,0,0,30,228,255,255,255,255,255,255,252,66,0,0,115,15,0,0,179,255,255,255,255,178,0,0,15,183,18,0,3,164,255,255,255,255,255,255,212,21,0,18,195,19,0,0,146,255,255,255,255,147,0,0,20,223,80,0,0,85,253,255,255,255,255,255,141,1,0,80,232,22,0,0,113,255,255,255,255,115,0,0,25,249,160,0,0,26,220,255,255,255,255,247,58,0,0,160,255,30,0,0,87,253,255,255,253,88,0,0,51,255,222,20,0,2,157,255,255,255,255,205,18,0,19,222,255,56,0,0,61,251,255,255,251,63,0,0,73,255,249,79,0,0,76,251,255,255,255,129,0,0,78,248,255,85,0,0,33,249,255,255,249,34,0,0,101,255,255,160,0,0,23,213,255,255,243,52,0,0,160,255,255,115,0,0,4,244,255,255,247,6,0,0,130,255,255,221,22,0,1,150,255,255,197,13,0,29,224,255,255,145,0,0,0,222,255,255,223,0,0,2,160,255,255,249,81,0,0,77,252,255,127,0,0,87,250,255,255,174,5,0,0,195,255,255,194,0,0,8,189,255,255,255,167,0,0,26,218,243,53,0,2,176,255,255,255,202,11,0,0,162,255,255,166,0,0,13,213,255,255,255,225,30,0,2,160,202,15,0,37,231,255,255,255,226,16,0,0,132,255,255,131,0,0,18,235,255,255,255,251,87,0,0,85,142,0,0,106,253,255,255,255,247,21,0,0,100,254,254,103,0,0,31,254,255,255,255,255,168,0,0,34,50,0,4,187,255,255,255,255,255,47,0,0,76,253,253,76,0,0,62,255,255,255,255,255,225,31,0,2,2,0,48,237,255,255,255,255,255,81,0,0,46,252,252,49,0,0,93,255,255,255,255,255,253,97,0,0,0,0,119,254,255,255,255,255,255,111,0,0,16,251,251,20,0,0,122,255,255,255,255,255,255,177,2,0,0,10,200,255,255,255,255,255,255,140,0,0,0,234,238,0,0,1,152,255,255,255,255,255,255,230,38,0,0,57,241,255,255,255,255,255,255,171,4,0,0,212,251,132,112,126,230,255,255,255,255,255,255,254,188,116,119,202,255,255,255,255,255,255,255,234,127,112,132,245,255,255,255,255,255,255,255,255,255,255,255,255,255,255,255,255,255,255,255,255,255,255,255,255,255,255,255,255,255,255,255,255,255,255,255,255,255,255,255,255,255,255,255,255,255,255,255,255,255,255,255,255,255,255,255,255,255,255,255,255,255,255,255,255,255,255,255,255,255,255,255,255,255,255,255,255,255,255,255,255,255,255,255,255
255,255,255,255,255,255,255,255,255,255,255,255,255,255,255,255,255,255,255,255,255,255,255,255,255,255,255,255,255,255,254,146,54,49,63,179,255,255,255,255,255,255,255,255,255,255,255,237,113,49,49,87,216,255,255,255,255,255,251,48,0,0,0,107,255,255,255,255,255,255,255,255,255,255,255,215,35,0,0,12,177,255,255,255,255,255,251,41,0,0,0,107,255,255,255,255,255,255,255,255,255,255,255,215,35,0,0,12,177,255,255,255,255,255,251,41,0,0,0,107,255,255,255,255,255,255,255,255,255,255,255,215,35,0,0,12,177,255,255,255,255,255,251,41,0,0,0,107,255,255,255,255,255,255,255,255,255,255,255,215,35,0,0,12,177,255,255,255,255,255,251,41,0,0,0,107,255,255,255,255,255,255,255,255,255,255,255,215,35,0,0,12,177,255,255,255,255,255,251,41,0,0,0,107,255,255,255,255,255,255,255,255,255,255,255,215,35,0,0,12,177,255,255,255,255,255,251,41,0,0,0,107,255,255,255,255,255,255,255,255,255,255,255,215,35,0,0,12,177,255,255,255,255,255,251,41,0,0,0,107,255,255,255,255,255,255,255,255,255,255,255,215,35,0,0,12,177,255,255,255,255,255,251,41,0,0,0,107,255,255,255,255,255,255,255,255,255,255,255,215,35,0,0,12,177,255,255,255,255,255,251,41,0,0,0,82,198,198,198,198,198,198,198,198,198,198,198,166,27,0,0,12,177,255,255,255,255,255,251,41,0,0,0,0,0,0,0,0,0,0,0,0,0,0,0,0,0,0,0,12,177,255,255,255,255,255,251,41,0,0,0,0,0,0,0,0,0,0,0,0,0,0,0,0,0,0,0,12,177,255,255,255,255,255,251,41,0,0,0,0,0,0,0,0,0,0,0,0,0,0,0,0,0,0,0,12,177,255,255,255,255,255,251,41,0,0,0,55,130,130,130,130,130,130,130,130,130,130,130,110,18,0,0,12,177,255,255,255,255,255,251,41,0,0,0,107,255,255,255,255,255,255,255,255,255,255,255,215,35,0,0,12,177,255,255,255,255,255,251,41,0,0,0,107,255,255,255,255,255,255,255,255,255,255,255,215,35,0,0,12,177,255,255,255,255,255,251,41,0,0,0,107,255,255,255,255,255,255,255,255,255,255,255,215,35,0,0,12,177,255,255,255,255,255,251,41,0,0,0,107,255,255,255,255,255,255,255,255,255,255,255,215,35,0,0,12,177,255,255,255,255,255,251,41,0,0,0,107,255,255,255,255,255,255,255,255,255,255,255,215,35,0,0,12,177,255,255,255,255,255,251,41,0,0,0,107,255,255,255,255,255,255,255,255,255,255,255,215,35,0,0,12,177,255,255,255,255,255,251,41,0,0,0,107,255,255,255,255,255,255,255,255,255,255,255,215,35,0,0,12,177,255,255,255,255,255,251,41,0,0,0,107,255,255,255,255,255,255,255,255,255,255,255,215,35,0,0,12,177,255,255,255,255,255,251,41,0,0,0,107,255,255,255,255,255,255,255,255,255,255,255,215,35,0,0,12,177,255,255,255,255,255,251,48,0,0,0,107,255,255,255,255,255,255,255,255,255,255,255,215,35,0,0,12,177,255,255,255,255,255,254,151,56,49,63,179,255,255,255,255,255,255,255,255,255,255,255,237,113,49,49,88,220,255,255,255,255,255,255,255,255,255,255,255,255,255,255,255,255,255,255,255,255,255,255,255,255,255,255,255,255,255,255,255
255,255,255,255,255,255,255,255,255,255,255,255,255,255,255,255,255,255,255,255,255,255,255,255,255,255,255,255,255,255,255,255,255,255,255,255,255,237,187,125,72,41,36,42,85,136,196,248,255,255,255,255,255,255,255,255,255,255,255,255,255,255,255,248,172,64,11,0,0,0,0,0,0,0,20,89,213,253,255,255,255,255,255,255,255,255,255,255,255,255,244,118,4,0,0,0,0,0,0,0,0,0,0,0,28,179,255,255,255,255,255,255,255,255,255,255,255,242,95,0,0,0,1,33,98,144,148,122,67,6,0,0,0,20,184,255,255,255,255,255,255,255,255,255,255,140,6,0,0,12,112,225,251,255,255,255,241,180,50,0,0,0,50,236,255,255,255,255,255,255,255,255,220,33,0,0,4,131,247,255,255,255,255,255,255,255,196,25,0,0,7,152,255,255,255,255,255,255,255,255,123,2,0,0,61,239,255,255,255,255,255,255,255,255,251,121,0,0,0,54,255,255,255,255,255,255,255,250,28,0,0,0,173,255,255,255,255,255,255,255,255,255,255,222,0,0,0,0,234,255,255,255,255,255,255,203,0,0,0,8,242,255,255,255,255,255,255,255,255,255,255,253,29,0,0,0,187,255,255,255,255,255,255,152,0,0,0,48,255,255,255,255,255,255,255,255,255,255,255,255,63,0,0,0,155,255,255,255,255,255,253,105,0,0,0,45,150,150,150,150,150,150,150,150,150,150,150,150,45,0,0,0,150,255,255,255,255,255,246,84,0,0,0,0,0,0,0,0,0,0,0,0,0,0,0,0,0,0,0,0,119,255,255,255,255,255,246,84,0,0,0,0,0,0,0,0,0,0,0,0,0,0,0,0,0,0,0,0,156,255,255,255,255,255,246,84,0,0,0,11,36,36,36,36,36,36,36,36,36,36,36,36,36,36,36,76,230,255,255,255,255,255,246,84,0,0,0,78,255,255,255,255,255,255,255,255,255,255,255,255,255,255,255,255,255,255,255,255,255,255,251,98,0,0,0,57,255,255,255,255,255,255,255,255,255,255,255,255,255,255,255,255,255,255,255,255,255,255,255,126,0,0,0,23,255,255,255,255,255,255,255,255,255,255,255,255,255,255,255,255,255,255,255,255,255,255,255,180,0,0,0,0,225,255,255,255,255,255,255,255,255,255,255,255,255,255,255,255,255,255,255,255,255,255,255,237,0,0,0,0,140,253,255,255,255,255,255,255,255,255,255,255,255,255,255,255,255,255,255,255,255,255,255,255,82,0,0,0,37,219,255,255,255,255,255,255,255,255,255,255,255,255,255,255,255,255,255,255,255,255,255,255,182,14,0,0,1,87,228,255,255,255,255,255,255,255,255,255,255,235,196,230,255,255,255,255,255,255,255,255,248,84,2,0,0,4,60,183,235,247,254,255,253,245,234,210,135,57,13,141,255,255,255,255,255,255,255,255,255,218,46,0,0,0,0,0,49,86,107,109,103,80,46,6,0,0,0,111,255,255,255,255,255,255,255,255,255,255,221,73,0,0,0,0,0,0,0,0,0,0,0,0,0,0,7,168,255,255,255,255,255,255,255,255,255,255,255,240,141,48,7,0,0,0,0,0,0,0,0,3,33,75,171,247,255,255,255,255,255,255,255,255,255,255,255,255,255,227,177,125,77,42,36,36,54,88,130,173,215,245,255,255,255,255,255,255,255,255,255,255,255,255,255,255,255,255,255,255,255,255,255,255,255,255,255,255,255,255,255,255,255,255,255,255
255,255,255,255,255,255,255,255,255,254,235,230,230,230,230,230,230,230,230,230,230,241,255,255,255,255,255,255,255,255,255,255,255,255,255,255,255,224,19,0,0,0,0,0,0,0,0,0,0,63,243,255,255,255,255,255,255,255,255,255,255,255,255,255,255,185,0,0,0,0,0,0,0,0,0,0,0,23,231,255,255,255,255,255,255,255,255,255,255,255,255,255,255,152,0,0,25,96,99,99,99,99,63,0,0,23,231,255,255,255,255,255,255,255,255,255,255,255,255,255,255,117,0,0,76,251,255,255,255,255,164,0,0,23,231,255,255,255,255,255,255,255,255,255,255,255,255,255,255,84,0,0,110,255,255,255,255,255,164,0,0,23,231,255,255,255,255,255,255,255,255,255,255,255,255,255,255,46,0,0,150,255,255,255,255,255,164,0,0,23,231,255,255,255,255,255,255,255,255,255,255,255,255,255,247,11,0,0,189,255,255,255,255,255,164,0,0,23,231,255,255,255,255,255,255,255,255,255,255,255,255,255,209,5,0,15,217,255,255,255,255,255,164,0,0,23,231,255,255,255,255,255,255,255,255,255,255,255,255,255,161,1,0,43,238,255,255,255,255,255,164,0,0,23,231,255,255,255,255,255,255,255,255,255,255,255,255,255,101,0,0,82,254,255,255,255,255,255,164,0,0,23,231,255,255,255,255,255,255,255,255,255,255,255,255,250,42,0,0,141,255,255,255,255,255,255,164,0,0,23,231,255,255,255,255,255,255,255,255,255,255,255,255,207,14,0,12,200,255,255,255,255,255,255,164,0,0,23,231,255,255,255,255,255,255,255,255,255,255,255,255,134,0,0,43,246,255,255,255,255,255,255,164,0,0,23,231,255,255,255,255,255,255,255,255,255,255,255,238,44,0,1,135,255,255,255,255,255,255,255,164,0,0,23,231,255,255,255,255,255,255,255,255,255,255,254,153,3,0,24,228,255,255,255,255,255,255,255,164,0,0,23,231,255,255,255,255,255,255,255,255,255,255,223,33,0,0,147,255,255,255,255,255,255,255,255,164,0,0,23,231,255,255,255,255,255,255,255,255,170,129,67,0,0,16,122,129,129,129,129,129,129,129,129,82,0,0,11,117,129,134,228,255,255,255,255,255,43,0,0,0,0,0,0,0,0,0,0,0,0,0,0,0,0,0,0,0,0,0,182,255,255,255,255,255,41,0,0,0,0,0,0,0,0,0,0,0,0,0,0,0,0,0,0,0,0,0,181,255,255,255,255,255,41,0,17,160,173,173,173,173,173,173,173,173,173,173,173,173,173,173,173,82,0,0,181,255,255,255,255,255,41,0,25,236,255,255,255,255,255,255,255,255,255,255,255,255,255,255,255,121,0,0,181,255,255,255,255,255,41,0,25,236,255,255,255,255,255,255,255,255,255,255,255,255,255,255,255,121,0,0,181,255,255,255,255,255,41,0,25,236,255,255,255,255,255,255,255,255,255,255,255,255,255,255,255,121,0,0,181,255,255,255,255,255,41,0,25,236,255,255,255,255,255,255,255,255,255,255,255,255,255,255,255,121,0,0,181,255,255,255,255,255,41,0,25,236,255,255,255,255,255,255,255,255,255,255,255,255,255,255,255,121,0,0,181,255,255,255,255,255,65,1,40,239,255,255,255,255,255,255,255,255,255,255,255,255,255,255,255,140,4,12,192,255,255,255,255,255,241,231,237,254,255,255,255,255,255,255,255,255,255,255,255,255,255,255,255,247,231,233,251,255,255
255,255,255,255,255,255,255,255,255,255,255,255,255,255,255,255,255,255,255,255,255,255,255,255,255,255,255,255,255,255,255,255,255,255,255,255,255,224,167,108,64,38,36,53,93,154,216,253,255,255,255,255,255,255,255,255,255,255,255,255,255,255,255,239,136,45,4,0,0,0,0,0,0,1,35,119,236,254,255,255,255,255,255,255,255,255,255,255,255,255,221,69,0,0,0,0,0,0,0,0,0,0,0,0,57,218,255,255,255,255,255,255,255,255,255,255,255,216,44,0,0,0,4,54,113,147,145,105,47,2,0,0,0,48,225,255,255,255,255,255,255,255,255,255,246,83,1,0,0,29,154,237,253,255,255,252,234,143,23,0,0,2,106,253,255,255,255,255,255,255,255,255,169,10,0,0,16,182,252,255,255,255,255,255,255,251,149,4,0,0,24,209,255,255,255,255,255,255,255,255,52,0,0,0,121,251,255,255,255,255,255,255,255,255,239,61,0,0,1,125,255,255,255,255,255,255,255,207,0,0,0,9,235,255,255,255,255,255,255,255,255,255,255,151,0,0,0,57,255,255,255,255,255,255,254,128,0,0,0,72,255,255,255,255,255,255,255,255,255,255,255,210,0,0,0,6,249,255,255,255,255,255,247,85,0,0,0,118,255,255,255,255,255,255,255,255,255,255,255,239,0,0,0,0,225,255,255,255,255,255,237,55,0,0,0,86,150,150,150,150,150,150,150,150,150,150,150,150,0,0,0,0,221,255,255,255,255,255,229,30,0,0,0,0,0,0,0,0,0,0,0,0,0,0,0,0,0,0,0,0,196,255,255,255,255,255,229,30,0,0,0,0,0,0,0,0,0,0,0,0,0,0,0,0,0,0,0,3,224,255,255,255,255,255,229,30,0,0,0,21,36,36,36,36,36,36,36,36,36,36,36,36,36,36,39,111,252,255,255,255,255,255,229,30,0,0,0,146,255,255,255,255,255,255,255,255,255,255,255,255,255,255,255,255,255,255,255,255,255,255,234,46,0,0,0,125,255,255,255,255,255,255,255,255,255,255,255,255,255,255,255,255,255,255,255,255,255,255,242,69,0,0,0,97,255,255,255,255,255,255,255,255,255,255,255,255,255,255,255,255,255,255,255,255,255,255,253,106,0,0,0,46,253,255,255,255,255,255,255,255,255,255,255,255,255,255,255,255,255,255,255,255,255,255,255,167,0,0,0,0,212,255,255,255,255,255,255,255,255,255,255,255,255,255,255,255,255,255,255,255,255,255,255,244,17,0,0,0,83,244,255,255,255,255,255,255,255,255,255,255,255,255,255,255,255,255,255,255,255,255,255,255,120,3,0,0,6,141,245,255,255,255,255,255,255,255,255,255,253,223,194,246,255,255,255,255,255,255,255,255,221,39,0,0,0,11,96,207,240,250,255,255,251,243,230,194,109,43,23,202,255,255,255,255,255,255,255,255,255,178,17,0,0,0,0,9,63,93,109,109,98,73,34,0,0,0,10,176,255,255,255,255,255,255,255,255,255,255,186,37,0,0,0,0,0,0,0,0,0,0,0,0,0,0,29,220,255,255,255,255,255,255,255,255,255,255,253,225,103,32,3,0,0,0,0,0,0,0,0,8,42,98,199,253,255,255,255,255,255,255,255,255,255,255,255,255,251,214,161,108,68,39,36,36,65,99,142,186,224,252,255,255,255,255,255,255,255,255,255,255,255,255,255,255,255,255,255,255,255,255,255,255,255,255,255,255,255,255,255,255,255,255,255,255
255,255,255,255,255,255,255,255,255,255,255,255,255,255,255,255,255,255,255,255,255,255,255,255,255,255,255,255,255,255,255,255,255,255,255,255,255,255,249,101,42,42,42,42,42,42,42,42,42,42,42,42,53,198,255,255,255,255,255,255,255,255,255,255,255,255,208,13,0,0,0,0,0,0,0,0,0,0,0,0,0,130,255,255,255,255,255,255,255,255,255,255,255,255,184,9,0,0,0,0,0,0,0,0,0,0,0,0,0,126,255,255,255,255,255,255,255,255,255,255,255,255,158,5,0,0,21,63,65,65,65,65,65,10,0,0,0,126,255,255,255,255,255,255,255,255,255,255,255,255,130,1,0,0,91,236,240,240,240,240,240,39,0,0,0,126,255,255,255,255,255,255,255,255,255,255,255,251,106,0,0,0,118,255,255,255,255,255,255,41,0,0,0,126,255,255,255,255,255,255,255,255,255,255,255,247,81,0,0,0,156,255,255,255,255,255,255,41,0,0,0,126,255,255,255,255,255,255,255,255,255,255,255,242,51,0,0,0,187,255,255,255,255,255,255,41,0,0,0,126,255,255,255,255,255,255,255,255,255,255,255,237,17,0,0,0,217,255,255,255,255,255,255,41,0,0,0,126,255,255,255,255,255,255,255,255,255,255,255,216,0,0,0,0,249,255,255,255,255,255,255,41,0,0,0,126,255,255,255,255,255,255,255,255,255,255,255,178,0,0,0,45,255,255,255,255,255,255,255,41,0,0,0,126,255,255,255,255,255,255,255,255,255,255,255,131,0,0,0,86,255,255,255,255,255,255,255,41,0,0,0,126,255,255,255,255,255,255,255,255,255,255,250,83,0,0,0,128,255,255,255,255,255,255,255,41,0,0,0,126,255,255,255,255,255,255,255,255,255,255,232,54,0,0,12,180,255,255,255,255,255,255,255,41,0,0,0,126,255,255,255,255,255,255,255,255,255,255,207,21,0,0,26,215,255,255,255,255,255,255,255,41,0,0,0,126,255,255,255,255,255,255,255,255,255,255,160,0,0,0,51,248,255,255,255,255,255,255,255,41,0,0,0,126,255,255,255,255,255,255,255,255,255,255,88,0,0,0,122,255,255,255,255,255,255,255,255,41,0,0,0,126,255,255,255,255,255,255,255,255,255,223,31,0,0,6,185,255,255,255,255,255,255,255,255,41,0,0,0,126,255,255,255,255,255,255,255,255,255,142,4,0,0,50,229,255,255,255,255,255,255,255,255,41,0,0,0,126,255,255,255,255,255,255,255,255,243,33,0,0,0,118,253,255,255,255,255,255,255,255,255,41,0,0,0,126,255,255,255,255,255,255,255,238,93,0,0,0,15,220,255,255,255,255,255,255,255,255,255,41,0,0,0,126,255,255,255,255,252,215,184,83,7,0,0,3,117,251,255,255,255,255,255,255,255,255,255,41,0,0,0,126,255,255,255,255,223,32,5,0,0,0,0,45,227,255,255,255,255,255,255,255,255,255,255,41,0,0,0,126,255,255,255,255,199,0,0,0,0,0,33,194,255,255,255,255,255,255,255,255,255,255,255,41,0,0,0,126,255,255,255,255,201,0,0,0,3,72,202,254,255,255,255,255,255,255,255,255,255,255,255,86,5,0,9,149,255,255,255,255,233,58,53,102,166,236,254,255,255,255,255,255,255,255,255,255,255,255,255,231,195,191,198,240,255,255,255,255,255,255,255,255,255,255,255,255,255,255,255,255,255,255,255,255,255,255,255,255,255,255,255,255,255,255
255,255,255,255,255,255,255,255,255,255,255,255,255,255,255,255,255,255,255,255,255,255,255,255,255,255,255,255,255,255,255,255,255,255,255,255,241,203,153,104,64,38,36,42,81,120,180,233,255,255,255,255,255,255,255,255,255,255,255,255,255,254,234,161,59,21,0,0,0,0,0,0,0,0,8,51,183,249,255,255,255,255,255,255,255,255,255,255,255,220,63,0,0,0,0,0,0,0,0,0,0,0,0,0,10,151,255,255,255,255,255,255,255,255,255,255,255,141,0,0,0,0,16,67,98,109,107,85,33,1,0,0,0,22,196,255,255,255,255,255,255,255,255,255,255,132,0,3,55,147,216,241,251,255,254,247,225,124,12,0,0,0,97,255,255,255,255,255,255,255,255,255,255,191,62,150,233,254,255,255,255,255,255,255,255,247,102,0,0,0,33,237,255,255,255,255,255,255,255,255,255,255,255,255,255,255,255,255,255,255,255,255,255,255,202,4,0,0,19,204,255,255,255,255,255,255,255,255,255,255,255,255,255,255,255,255,255,255,255,255,255,255,232,40,0,0,10,176,255,255,255,255,255,255,255,255,255,255,255,255,255,255,255,255,255,255,255,255,255,255,238,58,0,0,10,176,255,255,255,255,255,255,255,255,255,255,255,255,255,255,255,255,255,255,255,255,255,255,238,59,0,0,10,176,255,255,255,255,255,255,255,255,255,255,255,255,255,255,255,244,207,182,155,150,150,150,140,34,0,0,10,176,255,255,255,255,255,255,255,255,255,255,255,255,219,132,57,4,0,0,0,0,0,0,0,0,0,0,10,176,255,255,255,255,255,255,255,255,255,255,237,138,24,2,0,0,0,0,0,0,0,0,0,0,0,0,10,176,255,255,255,255,255,255,255,255,255,236,96,4,0,0,0,1,19,28,35,36,36,36,34,8,0,0,10,176,255,255,255,255,255,255,255,255,255,125,2,0,0,0,25,128,202,231,251,255,255,255,238,59,0,0,10,176,255,255,255,255,255,255,255,255,216,23,0,0,0,74,231,255,255,255,255,255,255,255,238,59,0,0,10,176,255,255,255,255,255,255,255,255,151,4,0,0,17,206,255,255,255,255,255,255,255,255,238,59,0,0,10,176,255,255,255,255,255,255,255,255,116,0,0,0,69,242,255,255,255,255,255,255,255,255,238,59,0,0,10,176,255,255,255,255,255,255,255,255,111,0,0,0,84,246,255,255,255,255,255,255,255,255,238,59,0,0,10,176,255,255,255,255,255,255,255,255,111,0,0,0,67,241,255,255,255,255,255,255,255,253,162,4,0,0,10,176,255,255,255,255,255,255,255,255,150,3,0,0,16,205,255,255,255,255,255,255,249,153,22,0,0,0,10,176,255,255,255,255,255,255,255,255,210,24,0,0,0,68,211,250,255,255,250,231,112,11,0,1,0,0,10,176,255,255,255,255,255,255,255,255,252,103,0,0,0,0,28,96,150,144,100,36,0,0,9,75,0,0,10,176,255,255,255,255,255,255,255,255,255,231,74,0,0,0,0,0,0,0,0,0,0,26,171,188,0,0,10,176,255,255,255,255,255,255,255,255,255,255,229,110,19,1,0,0,0,0,0,12,84,207,252,199,8,0,20,188,255,255,255,255,255,255,255,255,255,255,255,249,197,135,81,41,36,59,116,185,245,255,255,247,191,182,195,244,255,255,255,255,255,255,255,255,255,255,255,255,255,255,255,255,255,255,255,255,255,255,255,255,255,255,255,255,255,255,255,255
255,255,255,255,255,255,255,255,255,255,255,255,255,255,255,255,255,255,255,255,255,255,255,255,255,255,255,255,255,255,255,213,67,49,49,49,49,49,49,49,49,49,49,49,49,49,49,49,49,49,49,82,236,255,255,255,255,255,255,152,2,0,0,0,0,0,0,0,0,0,0,0,0,0,0,0,0,0,0,20,196,255,255,255,255,255,255,146,0,0,0,0,0,0,0,0,0,0,0,0,0,0,0,0,0,0,0,15,183,255,255,255,255,255,255,180,27,17,17,17,17,17,17,10,0,0,0,0,15,17,17,17,17,17,17,44,216,255,255,255,255,255,255,248,197,188,188,188,188,188,188,120,0,0,0,0,172,188,188,188,188,188,188,202,252,255,255,255,255,255,255,255,255,255,255,255,255,255,255,163,0,0,0,0,233,255,255,255,255,255,255,255,255,255,255,255,255,255,255,255,255,255,255,255,255,255,255,163,0,0,0,0,233,255,255,255,255,255,255,255,255,255,255,255,255,255,255,255,255,255,255,255,255,255,255,163,0,0,0,0,233,255,255,255,255,255,255,255,255,255,255,255,255,255,255,255,255,255,255,255,255,255,255,163,0,0,0,0,233,255,255,255,255,255,255,255,255,255,255,255,255,255,255,255,255,255,255,255,255,255,255,163,0,0,0,0,233,255,255,255,255,255,255,255,255,255,255,255,255,255,255,255,255,255,255,255,255,255,255,163,0,0,0,0,233,255,255,255,255,255,255,255,255,255,255,255,255,255,255,255,255,255,255,255,255,255,255,163,0,0,0,0,233,255,255,255,255,255,255,255,255,255,255,255,255,255,255,255,255,255,255,255,255,255,255,163,0,0,0,0,233,255,255,255,255,255,255,255,255,255,255,255,255,255,255,255,255,255,255,255,255,255,255,163,0,0,0,0,233,255,255,255,255,255,255,255,255,255,255,255,255,255,255,255,255,255,255,255,255,255,255,163,0,0,0,0,233,255,255,255,255,255,255,255,255,255,255,255,255,255,255,255,255,255,255,255,255,255,255,163,0,0,0,0,233,255,255,255,255,255,255,255,255,255,255,255,255,255,255,255,255,255,255,255,255,255,255,163,0,0,0,0,233,255,255,255,255,255,255,255,255,255,255,255,255,255,255,255,255,255,255,255,255,255,255,163,0,0,0,0,233,255,255,255,255,255,255,255,255,255,255,255,255,255,255,255,255,255,255,255,255,255,255,163,0,0,0,0,233,255,255,255,255,255,255,255,255,255,255,255,255,255,255,255,255,255,255,255,255,255,255,163,0,0,0,0,233,255,255,255,255,255,255,255,255,255,255,255,255,255,255,255,255,255,255,255,255,255,255,163,0,0,0,0,233,255,255,255,255,255,255,255,255,255,255,255,255,255,255,255,255,255,255,255,255,255,255,163,0,0,0,0,233,255,255,255,255,255,255,255,255,255,255,255,255,255,255,255,255,255,255,255,255,255,255,163,0,0,0,0,233,255,255,255,255,255,255,255,255,255,255,255,255,255,255,255,255,255,255,255,255,255,255,163,0,0,0,0,233,255,255,255,255,255,255,255,255,255,255,255,255,255,255,255,255,255,255,255,255,255,255,166,0,0,0,0,233,255,255,255,255,255,255,255,255,255,255,255,255,255,255,255,255,255,255,255,255,255,255,222,80,50,51,101,244,255,255,255,255,255,255,255,255,255,255,255,255,255,255,255,255,255,255,255,255,255,255,255,255,255,255,255,255,255,255,255,255,255,255,255,255,255,255,255
255,255,255,255,255,255,255,255,255,255,255,255,255,255,255,255,255,255,255,255,255,255,255,255,255,255,255,255,255,255,255,255,203,66,42,47,126,246,255,255,255,255,255,255,255,255,255,255,255,255,255,255,255,255,255,255,255,255,255,255,140,0,0,0,49,235,255,255,255,255,255,255,255,255,255,255,255,255,255,255,255,255,255,255,255,255,255,255,135,0,0,0,49,235,255,255,255,255,255,255,255,255,255,255,255,255,255,255,255,255,255,255,255,255,255,255,135,0,0,0,49,235,255,255,255,255,255,255,255,255,255,255,255,255,255,255,255,255,255,255,255,255,255,255,135,0,0,0,49,235,255,255,255,255,255,255,255,255,255,255,255,255,255,255,255,255,255,255,255,255,255,255,135,0,0,0,49,235,255,255,255,255,255,255,255,255,255,255,255,255,255,255,255,255,255,255,255,255,255,255,135,0,0,0,49,235,255,255,255,255,255,255,255,255,255,255,255,255,255,255,255,255,255,255,255,255,255,255,135,0,0,0,49,235,255,255,255,255,255,255,255,255,255,255,255,255,255,255,255,255,255,255,255,255,255,255,135,0,0,0,49,235,255,255,255,255,255,255,255,255,255,255,255,255,255,255,255,255,255,255,255,255,255,255,135,0,0,0,31,148,136,128,128,128,128,152,176,214,252,255,255,255,255,255,255,255,255,255,255,255,255,255,135,0,0,0,1,5,1,0,0,0,0,4,8,14,44,122,207,255,255,255,255,255,255,255,255,255,255,255,135,0,0,0,0,0,0,0,0,0,0,0,0,0,0,1,28,149,246,255,255,255,255,255,255,255,255,255,135,0,0,0,0,0,0,0,0,0,0,0,0,0,0,0,0,9,140,251,255,255,255,255,255,255,255,255,135,0,0,0,42,204,241,255,255,255,240,205,146,55,2,0,0,0,18,185,255,255,255,255,255,255,255,255,135,0,0,0,49,235,255,255,255,255,255,255,254,235,118,8,0,0,0,81,255,255,255,255,255,255,255,255,135,0,0,0,49,235,255,255,255,255,255,255,255,255,237,54,0,0,0,22,239,255,255,255,255,255,255,255,135,0,0,0,49,235,255,255,255,255,255,255,255,255,255,129,0,0,0,14,210,255,255,255,255,255,255,255,135,0,0,0,49,235,255,255,255,255,255,255,255,255,255,144,0,0,0,12,198,255,255,255,255,255,255,255,135,0,0,0,49,235,255,255,255,255,255,255,255,255,255,135,0,0,0,16,222,255,255,255,255,255,255,255,135,0,0,0,49,235,255,255,255,255,255,255,255,255,248,71,0,0,0,32,248,255,255,255,255,255,255,255,135,0,0,0,49,235,255,255,255,255,255,255,255,255,147,10,0,0,0,116,255,255,255,255,255,255,255,255,135,0,0,0,43,218,242,254,255,255,250,234,204,115,16,0,0,0,38,210,255,255,255,255,255,255,255,255,137,0,0,0,9,55,67,84,85,85,78,57,20,0,0,0,0,13,157,253,255,255,255,255,255,255,255,255,164,0,0,0,0,0,0,0,0,0,0,0,0,0,0,0,25,176,251,255,255,255,255,255,255,255,255,255,211,41,0,0,0,0,0,0,0,0,0,0,0,6,49,125,223,254,255,255,255,255,255,255,255,255,255,255,252,205,133,101,84,62,42,42,42,42,66,94,137,186,228,253,255,255,255,255,255,255,255,255,255,255,255,255,255,255,255,255,255,255,255,255,255,255,255,255,255,255,255,255,255,255,255,255,255,255,255,255
255,255,255,255,255,255,255,255,255,255,255,255,255,255,255,255,255,255,255,255,255,255,255,255,255,255,255,255,255,255,255,255,255,255,255,255,255,255,251,214,149,96,54,36,36,77,126,185,241,255,255,255,255,255,255,255,255,255,255,255,255,255,255,255,255,224,113,32,0,0,0,0,0,0,0,12,67,186,250,255,255,255,255,255,255,255,255,255,255,255,255,255,204,51,0,0,0,0,0,0,0,0,0,0,0,15,148,255,255,255,255,255,255,255,255,255,255,255,255,218,17,0,0,0,0,17,62,84,78,46,6,0,0,0,25,222,255,255,255,255,255,255,255,255,255,255,237,73,0,0,0,3,99,208,239,246,245,234,193,89,8,0,20,204,255,255,255,255,255,255,255,255,255,255,159,4,0,0,5,107,247,255,255,255,255,255,255,245,148,27,24,213,255,255,255,255,255,255,255,255,255,241,63,0,0,0,55,241,255,255,255,255,255,255,255,255,255,197,147,249,255,255,255,255,255,255,255,255,255,192,14,0,0,4,167,255,255,255,255,255,255,255,255,255,255,255,255,255,255,255,255,255,255,255,255,255,255,137,0,0,0,37,219,255,255,255,255,255,255,255,255,255,255,255,255,255,255,255,255,255,255,255,255,255,255,86,0,0,0,71,250,255,255,255,255,255,255,255,255,255,255,255,255,255,255,255,255,255,255,255,255,255,255,49,0,0,0,105,255,255,255,255,255,255,255,255,255,255,255,255,255,255,255,255,255,255,255,255,255,255,246,34,0,0,0,135,255,255,255,255,255,255,255,255,255,255,255,255,255,255,255,255,255,255,255,255,255,255,230,28,0,0,0,151,255,255,255,255,255,255,255,255,255,255,255,255,255,255,255,255,255,255,255,255,255,255,229,28,0,0,0,151,255,255,255,255,255,255,255,255,255,255,255,255,255,255,255,255,255,255,255,255,255,255,232,29,0,0,0,141,255,255,255,255,255,255,255,255,255,255,255,255,255,255,255,255,255,255,255,255,255,255,255,36,0,0,0,109,255,255,255,255,255,255,255,255,255,255,255,255,255,255,255,255,255,255,255,255,255,255,255,68,0,0,0,73,251,255,255,255,255,255,255,255,255,255,255,255,255,255,255,255,255,255,255,255,255,255,255,111,0,0,0,44,226,255,255,255,255,255,255,255,255,255,255,255,255,255,255,255,255,255,255,255,255,255,255,170,3,0,0,6,173,255,255,255,255,255,255,255,255,255,255,255,255,255,255,255,255,255,255,255,255,255,255,219,36,0,0,0,61,244,255,255,255,255,255,255,255,255,255,219,143,239,255,255,255,255,255,255,255,255,255,252,109,0,0,0,5,115,247,255,255,255,255,255,255,249,169,42,18,195,255,255,255,255,255,255,255,255,255,255,213,27,0,0,0,6,104,208,237,246,246,236,197,93,12,0,11,178,255,255,255,255,255,255,255,255,255,255,252,159,0,0,0,0,0,15,56,84,81,51,6,0,0,0,19,202,255,255,255,255,255,255,255,255,255,255,255,255,148,14,0,0,0,0,0,0,0,0,0,0,0,15,125,250,255,255,255,255,255,255,255,255,255,255,255,255,250,182,68,11,0,0,0,0,0,0,1,19,80,189,248,255,255,255,255,255,255,255,255,255,255,255,255,255,255,255,238,187,121,72,39,36,49,91,144,201,245,255,255,255,255,255,255,255,255,255,255,255,255,255,255,255,255,255,255,255,255,255,255,255,255,255,255,255,255,255,255,255,255,255,255,255
255,255,255,255,255,255,255,255,255,255,255,255,255,255,255,255,255,255,255,255,255,255,255,255,255,255,255,255,255,255,255,255,255,255,255,249,206,149,91,49,36,42,75,125,187,238,255,255,255,255,255,255,255,255,255,255,255,255,255,255,255,250,201,93,24,1,0,0,0,0,0,0,11,68,181,249,255,255,255,255,255,255,255,255,255,255,255,255,255,150,17,0,0,0,0,0,0,0,0,0,0,0,9,125,255,255,255,255,255,255,255,255,255,255,255,255,196,17,0,0,0,36,82,109,109,82,36,0,0,0,0,0,125,249,255,255,255,255,255,255,255,255,255,255,176,10,3,45,161,228,246,255,255,246,226,144,25,0,0,0,9,173,255,255,255,255,255,255,255,255,255,255,180,20,102,227,255,255,255,255,255,255,255,255,185,29,0,0,0,58,232,255,255,255,255,255,255,255,255,255,233,180,246,255,255,255,255,255,255,255,255,255,255,155,6,0,0,4,167,255,255,255,255,255,255,255,255,255,255,255,255,255,255,255,255,255,255,255,255,255,255,241,67,0,0,0,75,255,255,255,255,255,255,255,255,255,255,255,255,255,255,255,255,255,255,255,255,255,255,255,147,0,0,0,30,231,255,255,255,255,255,255,255,255,255,255,255,255,255,255,255,255,255,255,255,255,255,255,210,3,0,0,18,199,255,255,255,255,255,255,255,255,255,255,255,255,255,255,255,255,255,255,255,255,255,255,228,27,0,0,10,176,255,255,255,255,255,255,255,255,255,255,220,53,41,41,41,41,41,41,41,41,41,41,36,4,0,0,0,146,255,255,255,255,255,255,255,255,255,255,186,0,0,0,0,0,0,0,0,0,0,0,0,0,0,0,0,146,255,255,255,255,255,255,255,255,255,255,194,3,0,0,0,0,0,0,0,0,0,0,0,0,0,0,1,149,255,255,255,255,255,255,255,255,255,255,243,155,146,146,146,146,146,146,146,146,146,146,133,26,0,0,9,173,255,255,255,255,255,255,255,255,255,255,255,255,255,255,255,255,255,255,255,255,255,255,229,30,0,0,14,188,255,255,255,255,255,255,255,255,255,255,255,255,255,255,255,255,255,255,255,255,255,255,212,4,0,0,25,220,255,255,255,255,255,255,255,255,255,255,255,255,255,255,255,255,255,255,255,255,255,255,168,0,0,0,47,249,255,255,255,255,255,255,255,255,255,255,255,255,255,255,255,255,255,255,255,255,255,249,89,0,0,0,112,255,255,255,255,255,255,255,255,255,218,195,253,255,255,255,255,255,255,255,255,255,255,185,17,0,0,13,189,255,255,255,255,255,255,255,255,255,120,22,136,237,255,255,255,255,255,255,255,255,216,47,0,0,0,78,243,255,255,255,255,255,255,255,255,255,111,0,6,67,180,232,247,255,255,249,235,176,44,1,0,0,15,193,255,255,255,255,255,255,255,255,255,255,129,1,0,0,0,46,84,109,109,92,53,3,0,0,0,0,150,250,255,255,255,255,255,255,255,255,255,255,233,79,2,0,0,0,0,0,0,0,0,0,0,0,15,150,255,255,255,255,255,255,255,255,255,255,255,255,255,237,145,47,6,0,0,0,0,0,0,0,16,78,188,250,255,255,255,255,255,255,255,255,255,255,255,255,255,255,254,229,176,117,74,36,36,45,79,134,198,243,255,255,255,255,255,255,255,255,255,255,255,255,255,255,255,255,255,255,255,255,255,255,255,255,255,255,255,255,255,255,255,255,255,255,255,255,255,255
255,255,255,255,255,255,255,255,255,255,255,255,255,255,255,255,255,255,255,255,255,255,255,255,255,255,255,255,255,255,254,137,51,49,49,49,49,49,49,49,49,49,49,49,49,49,49,49,49,49,49,157,255,255,255,255,255,255,251,48,0,0,0,0,0,0,0,0,0,0,0,0,0,0,0,0,0,0,0,72,255,255,255,255,255,255,251,41,0,0,0,0,0,0,0,0,0,0,0,0,0,0,0,0,0,0,0,52,255,255,255,255,255,255,253,89,17,17,17,17,17,17,15,4,0,0,0,6,16,17,17,17,17,17,17,111,255,255,255,255,255,255,255,225,189,188,188,188,188,188,176,46,0,0,0,73,185,188,188,188,188,188,188,229,255,255,255,255,255,255,255,255,255,255,255,255,255,255,238,62,0,0,0,100,250,255,255,255,255,255,255,255,255,255,255,255,255,255,255,255,255,255,255,255,255,255,238,62,0,0,0,100,250,255,255,255,255,255,255,255,255,255,255,255,255,255,255,255,255,255,255,255,255,255,238,62,0,0,0,100,250,255,255,255,255,255,255,255,255,255,255,255,255,255,255,255,255,255,255,255,255,255,238,62,0,0,0,100,250,255,255,255,255,255,255,255,255,255,255,255,255,255,255,255,255,255,255,255,255,255,238,62,0,0,0,100,250,255,255,255,255,255,255,255,255,255,255,255,255,255,255,255,255,255,255,255,255,255,238,62,0,0,0,100,250,255,255,255,255,255,255,255,255,255,255,255,255,255,255,255,255,255,255,255,255,255,238,62,0,0,0,100,250,255,255,255,255,255,255,255,255,255,255,255,255,255,255,255,255,255,255,255,255,255,238,62,0,0,0,100,250,255,255,255,255,255,255,255,255,255,255,255,255,255,255,255,255,255,255,255,255,255,238,62,0,0,0,100,250,255,255,255,255,255,255,255,255,255,255,255,255,255,255,255,255,255,255,255,255,255,238,62,0,0,0,100,250,255,255,255,255,255,255,255,255,255,255,255,255,255,255,255,255,255,255,255,255,255,238,62,0,0,0,100,250,255,255,255,255,255,255,255,255,255,255,255,255,255,255,255,255,255,255,255,255,255,238,62,0,0,0,100,250,255,255,255,255,255,255,255,255,255,255,255,255,255,255,255,255,255,255,255,255,255,238,62,0,0,0,100,250,255,255,255,255,255,255,255,255,255,255,255,255,255,255,255,255,255,255,255,255,255,238,62,0,0,0,100,250,255,255,255,255,255,255,255,255,255,255,255,255,255,255,255,255,255,255,255,255,255,238,62,0,0,0,100,250,255,255,255,255,255,255,255,255,255,255,255,255,255,255,255,255,255,255,255,255,255,238,62,0,0,0,100,250,255,255,255,255,255,255,255,255,255,255,255,255,255,255,255,255,255,255,255,255,255,238,62,0,0,0,100,250,255,255,255,255,255,255,255,255,255,255,255,255,255,255,255,255,255,255,255,255,255,238,62,0,0,0,100,250,255,255,255,255,255,255,255,255,255,255,255,255,255,255,255,255,255,255,255,255,255,238,62,0,0,0,100,250,255,255,255,255,255,255,255,255,255,255,255,255,255,255,255,255,255,255,255,255,255,240,64,0,0,0,100,250,255,255,255,255,255,255,255,255,255,255,255,255,255,255,255,255,255,255,255,255,255,252,157,59,49,62,172,253,255,255,255,255,255,255,255,255,255,255,255,255,255,255,255,255,255,255,255,255,255,255,255,255,255,255,255,255,255,255,255,255,255,255,255,255,255,255,255
255,255,255,255,255,255,255,255,255,255,255,255,255,255,255,255,255,255,255,255,255,255,255,255,255,255,255,255,255,255,255,255,255,255,255,255,251,212,159,98,64,38,36,42,85,129,185,233,255,255,255,255,255,255,255,255,255,255,255,255,255,255,253,218,103,30,1,0,0,0,0,0,0,0,11,51,166,243,255,255,255,255,255,255,255,255,255,255,255,255,179,32,0,0,0,0,0,0,0,0,0,0,0,0,3,104,241,255,255,255,255,255,255,255,255,255,255,163,17,0,0,0,0,13,61,82,83,67,17,0,0,0,0,0,86,241,255,255,255,255,255,255,255,255,195,27,0,0,0,18,112,211,239,246,246,241,216,132,23,0,0,0,5,130,255,255,255,255,255,255,255,251,67,1,0,0,15,163,249,255,255,255,255,255,255,251,181,27,0,0,0,17,232,255,255,255,255,255,255,195,0,0,0,0,130,250,255,255,255,255,255,255,255,255,252,150,0,0,0,0,130,253,255,255,255,255,248,88,0,0,0,31,249,255,255,255,255,255,255,255,255,255,255,255,39,0,0,0,57,238,255,255,255,255,230,34,0,0,1,120,255,255,255,255,255,255,255,255,255,255,255,255,125,1,0,0,9,216,255,255,255,255,203,2,0,0,11,177,255,255,255,255,255,255,255,255,255,255,255,255,180,11,0,0,0,184,255,255,255,255,165,0,0,0,24,219,255,255,255,255,255,255,255,255,255,255,255,255,215,23,0,0,0,151,255,255,255,255,143,0,0,0,29,234,255,255,255,255,255,255,255,255,255,255,255,255,229,28,0,0,0,119,255,255,255,255,116,0,0,0,36,253,255,255,255,255,255,255,255,255,255,255,255,255,251,35,0,0,0,113,255,255,255,255,113,0,0,0,36,253,255,255,255,255,255,255,255,255,255,255,255,255,251,35,0,0,0,115,255,255,255,255,125,0,0,0,29,234,255,255,255,255,255,255,255,255,255,255,255,255,229,28,0,0,0,139,255,255,255,255,151,0,0,0,24,219,255,255,255,255,255,255,255,255,255,255,255,255,215,23,0,0,0,165,255,255,255,255,184,0,0,0,13,186,255,255,255,255,255,255,255,255,255,255,255,255,177,11,0,0,2,203,255,255,255,255,216,9,0,0,2,133,255,255,255,255,255,255,255,255,255,255,255,255,120,1,0,0,38,231,255,255,255,255,238,57,0,0,0,49,255,255,255,255,255,255,255,255,255,255,255,249,31,0,0,0,94,248,255,255,255,255,253,130,0,0,0,0,154,252,255,255,255,255,255,255,255,255,251,138,0,0,0,0,198,255,255,255,255,255,255,223,14,0,0,0,27,181,251,255,255,255,255,255,255,249,164,16,0,0,1,75,252,255,255,255,255,255,255,255,122,5,0,0,0,23,132,216,241,246,246,239,211,112,18,0,0,0,29,205,255,255,255,255,255,255,255,255,241,82,0,0,0,0,0,17,67,83,82,61,13,0,0,0,0,17,163,255,255,255,255,255,255,255,255,255,255,238,101,3,0,0,0,0,0,0,0,0,0,0,0,0,37,181,255,255,255,255,255,255,255,255,255,255,255,255,243,166,51,11,0,0,0,0,0,0,0,3,32,103,225,253,255,255,255,255,255,255,255,255,255,255,255,255,255,255,233,185,129,85,42,36,38,64,108,161,214,251,255,255,255,255,255,255,255,255,255,255,255,255,255,255,255,255,255,255,255,255,255,255,255,255,255,255,255,255,255,255,255,255,255,255,255,255
255,255,255,255,255,255,255,255,255,255,255,255,255,255,255,255,255,255,255,255,255,255,255,255,255,255,255,255,255,255,255,255,255,255,255,255,255,255,255,255,255,255,255,255,255,255,255,255,255,255,255,255,255,255,255,255,255,255,255,255,255,255,255,255,255,255,255,255,255,255,255,255,255,255,255,255,255,255,255,255,255,255,255,255,251,223,220,227,251,255,255,255,255,255,255,255,255,253,228,174,131,97,97,116,156,210,246,255,255,255,255,255,189,8,0,24,205,255,255,255,255,255,255,255,226,111,23,0,0,0,0,0,0,8,77,193,252,255,255,255,157,0,0,10,192,255,255,255,255,255,255,195,40,0,0,0,0,0,0,0,0,0,0,15,153,252,255,255,157,0,0,10,192,255,255,255,255,255,210,30,0,0,1,36,109,151,152,116,47,3,0,0,11,168,254,255,157,0,0,10,192,255,255,255,255,247,68,0,0,0,99,228,255,255,255,255,236,117,7,0,0,30,231,255,157,0,0,10,192,255,255,255,255,174,7,0,0,84,246,255,255,255,255,255,255,247,97,0,0,0,137,254,157,0,0,10,192,255,255,255,255,79,0,0,8,218,255,255,255,255,255,255,255,255,211,21,0,0,51,250,157,0,0,10,192,255,255,255,232,31,0,0,74,252,255,255,255,255,255,255,255,255,253,70,0,0,3,231,157,0,0,10,192,255,255,255,195,11,0,0,135,255,255,255,255,255,255,255,255,255,255,124,0,0,0,189,157,0,0,5,106,141,141,141,98,0,0,0,178,255,255,255,255,255,255,255,255,255,255,154,0,0,0,159,157,0,0,0,0,0,0,0,0,0,0,0,204,255,255,255,255,255,255,255,255,255,255,167,0,0,0,157,157,0,0,0,0,0,0,0,0,0,0,0,208,255,255,255,255,255,255,255,255,255,255,167,0,0,0,157,157,0,0,5,106,141,141,141,82,0,0,0,190,255,255,255,255,255,255,255,255,255,255,166,0,0,0,160,157,0,0,10,192,255,255,255,170,0,0,0,165,255,255,255,255,255,255,255,255,255,255,138,0,0,0,196,157,0,0,10,192,255,255,255,194,10,0,0,124,255,255,255,255,255,255,255,255,255,255,90,0,0,4,236,157,0,0,10,192,255,255,255,229,29,0,0,58,251,255,255,255,255,255,255,255,255,234,35,0,0,61,251,157,0,0,10,192,255,255,255,253,80,0,0,2,197,255,255,255,255,255,255,255,254,146,4,0,0,149,255,157,0,0,10,192,255,255,255,255,165,6,0,0,46,225,255,255,255,255,255,254,187,25,0,0,38,235,255,157,0,0,10,192,255,255,255,255,245,67,0,0,0,42,170,220,238,236,207,127,22,0,0,11,176,254,255,157,0,0,10,192,255,255,255,255,255,214,42,0,0,0,3,27,40,38,18,1,0,0,11,140,252,255,255,163,0,0,10,192,255,255,255,255,255,255,215,69,1,0,0,0,0,0,0,0,0,34,166,251,255,255,255,230,112,97,122,234,255,255,255,255,255,255,255,243,177,88,41,14,0,2,27,68,141,227,254,255,255,255,255,255,255,255,255,255,255,255,255,255,255,255,255,255,255,252,240,233,229,229,236,247,255,255,255,255,255,255,255,255,255,255,255,255,255,255,255,255,255,255,255,255,255,255,255,255,255,255,255,255,255,255,255,255,255,255,255,255,255,255,255,255,255,255,255,255,255,255,255,255,255,255,255,255,255,255,255,255,255,255,255,255,255,255,255
255,255,255,255,255,255,255,255,255,255,255,255,255,255,255,255,255,255,247,229,212,240,255,255,255,255,255,255,255,255,255,255,255,255,255,255,255,255,255,255,255,244,205,166,127,85,49,25,3,143,255,255,255,255,255,255,255,255,255,255,255,255,255,255,255,255,243,166,71,17,7,1,0,0,0,0,0,131,255,255,255,255,255,255,255,255,255,255,255,255,255,255,255,197,54,1,0,0,0,0,0,0,15,48,76,211,255,255,255,255,255,255,255,255,255,255,255,255,255,255,198,21,0,0,5,26,84,123,165,204,231,244,253,255,255,255,255,255,255,255,255,255,255,255,255,255,255,237,49,0,1,74,193,250,255,255,255,255,255,255,255,255,255,255,255,255,255,255,255,255,255,255,255,255,255,152,1,0,91,243,255,255,255,255,255,255,255,255,255,255,255,255,255,255,255,255,255,255,255,255,255,255,255,50,0,22,225,255,255,255,255,255,255,255,255,255,255,255,255,255,255,255,255,255,255,255,255,255,255,255,223,2,0,91,255,255,255,255,255,255,255,255,255,255,255,255,255,255,255,255,255,255,255,255,255,255,255,255,162,0,0,152,254,225,131,63,21,15,42,102,193,252,255,255,255,255,255,255,255,255,255,255,255,255,255,255,114,0,0,195,149,24,0,0,0,0,0,0,5,113,244,255,255,255,255,255,255,255,255,255,255,255,255,255,72,0,0,97,5,0,22,86,120,101,31,1,0,1,113,255,255,255,255,255,255,255,255,255,255,255,255,252,43,0,0,0,7,107,236,255,255,255,240,101,2,0,2,205,255,255,255,255,255,255,255,255,255,255,255,241,34,0,0,5,141,251,255,255,255,255,255,241,51,0,0,98,255,255,255,255,255,255,255,255,255,255,255,230,26,0,0,142,255,255,255,255,255,255,255,255,158,0,0,35,241,255,255,255,255,255,255,255,255,255,255,227,24,0,0,215,255,255,255,255,255,255,255,255,222,0,0,16,217,255,255,255,255,255,255,255,255,255,255,227,24,0,0,215,255,255,255,255,255,255,255,255,243,21,0,1,196,255,255,255,255,255,255,255,255,255,255,227,24,0,0,212,255,255,255,255,255,255,255,255,244,25,0,0,195,255,255,255,255,255,255,255,255,255,255,237,31,0,0,192,255,255,255,255,255,255,255,255,244,25,0,0,195,255,255,255,255,255,255,255,255,255,255,248,40,0,0,164,255,255,255,255,255,255,255,255,240,11,0,12,212,255,255,255,255,255,255,255,255,255,255,255,75,0,0,120,255,255,255,255,255,255,255,255,206,0,0,31,236,255,255,255,255,255,255,255,255,255,255,255,132,0,0,55,251,255,255,255,255,255,255,255,117,0,0,87,255,255,255,255,255,255,255,255,255,255,255,255,206,0,0,8,186,255,255,255,255,255,255,222,25,0,0,186,255,255,255,255,255,255,255,255,255,255,255,255,254,63,0,0,38,208,254,255,255,254,218,54,0,0,67,254,255,255,255,255,255,255,255,255,255,255,255,255,255,202,20,0,0,19,97,149,151,101,23,0,0,41,218,255,255,255,255,255,255,255,255,255,255,255,255,255,255,254,182,21,0,0,0,0,0,0,0,2,51,215,255,255,255,255,255,255,255,255,255,255,255,255,255,255,255,255,255,221,107,41,14,0,2,21,61,152,244,255,255,255,255,255,255,255,255,255,255,255,255,255,255,255,255,255,255,255,255,240,221,210,212,226,249,255,255,255,255,255,255,255,255,255,255,255
255,255,255,255,255,255,255,255,255,255,255,255,255,255,255,255,255,255,255,255,255,255,255,255,255,255,255,255,255,255,255,255,255,255,255,255,255,231,176,117,68,39,36,48,89,144,205,251,255,255,255,255,255,255,255,255,255,255,255,255,255,255,255,244,154,55,7,0,0,0,0,0,0,0,26,103,226,254,255,255,255,255,255,255,255,255,255,255,255,255,234,94,0,0,0,0,0,0,0,0,0,0,0,0,40,202,255,255,255,255,255,255,255,255,255,255,255,231,66,0,0,0,2,44,105,145,147,113,57,4,0,0,0,32,205,255,255,255,255,255,255,255,255,255,251,112,4,0,0,19,134,233,252,255,255,253,238,163,33,0,0,1,76,248,255,255,255,255,255,255,255,255,196,20,0,0,8,158,250,255,255,255,255,255,255,253,173,13,0,0,14,183,255,255,255,255,255,255,255,255,88,0,0,0,89,246,255,255,255,255,255,255,255,255,246,89,0,0,0,91,255,255,255,255,255,255,255,237,6,0,0,0,208,255,255,255,255,255,255,255,255,255,255,188,0,0,0,17,255,255,255,255,255,255,255,167,0,0,0,37,252,255,255,255,255,255,255,255,255,255,255,243,0,0,0,0,221,255,255,255,255,255,254,114,0,0,0,85,255,255,255,255,255,255,255,255,255,255,255,255,23,0,0,0,192,255,255,255,255,255,245,80,0,0,0,65,150,150,150,150,150,150,150,150,150,150,150,150,23,0,0,0,188,255,255,255,255,255,238,59,0,0,0,0,0,0,0,0,0,0,0,0,0,0,0,0,0,0,0,0,159,255,255,255,255,255,238,59,0,0,0,0,0,0,0,0,0,0,0,0,0,0,0,0,0,0,0,0,193,255,255,255,255,255,238,59,0,0,0,16,36,36,36,36,36,36,36,36,36,36,36,36,36,36,38,90,245,255,255,255,255,255,238,59,0,0,0,111,255,255,255,255,255,255,255,255,255,255,255,255,255,255,255,255,255,255,255,255,255,255,243,73,0,0,0,93,255,255,255,255,255,255,255,255,255,255,255,255,255,255,255,255,255,255,255,255,255,255,250,94,0,0,0,63,255,255,255,255,255,255,255,255,255,255,255,255,255,255,255,255,255,255,255,255,255,255,255,142,0,0,0,12,249,255,255,255,255,255,255,255,255,255,255,255,255,255,255,255,255,255,255,255,255,255,255,203,0,0,0,0,177,255,255,255,255,255,255,255,255,255,255,255,255,255,255,255,255,255,255,255,255,255,255,255,45,0,0,0,57,233,255,255,255,255,255,255,255,255,255,255,255,255,255,255,255,255,255,255,255,255,255,255,151,7,0,0,3,114,238,255,255,255,255,255,255,255,255,255,255,229,194,239,255,255,255,255,255,255,255,255,236,59,1,0,0,7,75,198,237,248,255,255,252,244,232,204,121,50,16,173,255,255,255,255,255,255,255,255,255,200,29,0,0,0,0,4,56,89,109,109,101,77,39,3,0,0,0,146,255,255,255,255,255,255,255,255,255,255,204,55,0,0,0,0,0,0,0,0,0,0,0,0,0,0,17,196,255,255,255,255,255,255,255,255,255,255,254,236,119,40,4,0,0,0,0,0,0,0,0,6,38,83,187,250,255,255,255,255,255,255,255,255,255,255,255,255,253,221,168,117,72,41,36,36,59,93,136,180,220,248,255,255,255,255,255,255,255,255,255,255,255,255,255,255,255,255,255,255,255,255,255,255,255,255,255,255,255,255,255,255,255,255,255,255
255,255,255,255,255,255,255,255,255,254,235,230,230,230,230,230,230,230,230,230,230,241,255,255,255,255,255,255,255,255,255,255,255,255,255,255,255,224,19,0,0,0,0,0,0,0,0,0,0,63,243,255,255,255,255,255,255,255,255,255,255,255,255,255,255,185,0,0,0,0,0,0,0,0,0,0,0,23,231,255,255,255,255,255,255,255,255,255,255,255,255,255,255,152,0,0,25,96,99,99,99,99,63,0,0,23,231,255,255,255,255,255,255,255,255,255,255,255,255,255,255,117,0,0,76,251,255,255,255,255,164,0,0,23,231,255,255,255,255,255,255,255,255,255,255,255,255,255,255,84,0,0,110,255,255,255,255,255,164,0,0,23,231,255,255,255,255,255,255,255,255,255,255,255,255,255,255,46,0,0,150,255,255,255,255,255,164,0,0,23,231,255,255,255,255,255,255,255,255,255,255,255,255,255,247,11,0,0,189,255,255,255,255,255,164,0,0,23,231,255,255,255,255,255,255,255,255,255,255,255,255,255,209,5,0,15,217,255,255,255,255,255,164,0,0,23,231,255,255,255,255,255,255,255,255,255,255,255,255,255,161,1,0,43,238,255,255,255,255,255,164,0,0,23,231,255,255,255,255,255,255,255,255,255,255,255,255,255,101,0,0,82,254,255,255,255,255,255,164,0,0,23,231,255,255,255,255,255,255,255,255,255,255,255,255,250,42,0,0,141,255,255,255,255,255,255,164,0,0,23,231,255,255,255,255,255,255,255,255,255,255,255,255,207,14,0,12,200,255,255,255,255,255,255,164,0,0,23,231,255,255,255,255,255,255,255,255,255,255,255,255,134,0,0,43,246,255,255,255,255,255,255,164,0,0,23,231,255,255,255,255,255,255,255,255,255,255,255,238,44,0,1,135,255,255,255,255,255,255,255,164,0,0,23,231,255,255,255,255,255,255,255,255,255,255,254,153,3,0,24,228,255,255,255,255,255,255,255,164,0,0,23,231,255,255,255,255,255,255,255,255,255,255,223,33,0,0,147,255,255,255,255,255,255,255,255,164,0,0,23,231,255,255,255,255,255,255,255,255,170,129,67,0,0,16,122,129,129,129,129,129,129,129,129,82,0,0,11,117,129,134,228,255,255,255,255,255,43,0,0,0,0,0,0,0,0,0,0,0,0,0,0,0,0,0,0,0,0,0,182,255,255,255,255,255,41,0,0,0,0,0,0,0,0,0,0,0,0,0,0,0,0,0,0,0,0,0,181,255,255,255,255,255,41,0,17,160,173,173,173,173,173,173,173,173,173,173,173,173,173,173,173,82,0,0,181,255,255,255,255,255,41,0,25,236,255,255,255,255,255,255,255,255,255,255,255,255,255,255,255,121,0,0,181,255,255,255,255,255,41,0,25,236,255,255,255,255,255,255,255,255,255,255,255,255,255,255,255,121,0,0,181,255,255,255,255,255,41,0,25,236,255,255,255,255,255,255,255,255,255,255,255,255,255,255,255,121,0,0,181,255,255,255,255,255,41,0,25,236,255,255,255,255,255,255,255,255,255,255,255,255,255,255,255,121,0,0,181,255,255,255,255,255,41,0,25,236,255,255,255,255,255,255,255,255,255,255,255,255,255,255,255,121,0,0,181,255,255,255,255,255,65,1,40,239,255,255,255,255,255,255,255,255,255,255,255,255,255,255,255,140,4,12,192,255,255,255,255,255,241,231,237,254,255,255,255,255,255,255,255,255,255,255,255,255,255,255,255,247,231,233,251,255,255
255,255,255,255,255,255,255,255,255,255,255,255,255,255,255,255,255,255,255,255,255,255,255,255,255,255,255,255,255,255,255,255,255,255,255,255,248,207,148,93,60,36,36,48,89,137,191,239,255,255,255,255,255,255,255,255,255,255,255,255,255,255,251,206,89,25,0,0,0,0,0,0,0,0,15,63,183,247,255,255,255,255,255,255,255,255,255,255,255,252,152,22,0,0,0,0,0,0,0,0,0,0,0,0,10,125,247,255,255,255,255,255,255,255,255,255,252,134,8,0,0,0,0,17,67,83,82,61,13,0,0,0,0,3,109,249,255,255,255,255,255,255,255,255,169,16,0,0,0,25,132,216,241,246,246,239,211,111,16,0,0,0,12,162,255,255,255,255,255,255,255,240,41,0,0,0,28,184,251,255,255,255,255,255,255,248,162,14,0,0,0,39,248,255,255,255,255,255,255,158,0,0,0,0,162,253,255,255,255,255,255,255,255,255,250,116,0,0,0,0,167,255,255,255,255,255,240,64,0,0,0,64,255,255,255,255,255,255,255,255,255,255,255,240,17,0,0,0,82,246,255,255,255,255,214,11,0,0,5,153,255,255,255,255,255,255,255,255,255,255,255,255,92,0,0,0,35,230,255,255,255,255,173,0,0,0,20,206,255,255,255,255,255,255,255,255,255,255,255,255,149,3,0,0,4,215,255,255,255,255,130,0,0,0,33,244,255,255,255,255,255,255,255,255,255,255,255,255,189,14,0,0,0,184,255,255,255,255,105,0,0,0,45,255,255,255,255,255,255,255,255,255,255,255,255,255,204,20,0,0,0,156,255,255,255,255,76,0,0,0,74,255,255,255,255,255,255,255,255,255,255,255,255,255,226,27,0,0,0,151,255,255,255,255,73,0,0,0,74,255,255,255,255,255,255,255,255,255,255,255,255,255,226,27,0,0,0,152,255,255,255,255,84,0,0,0,45,255,255,255,255,255,255,255,255,255,255,255,255,255,204,20,0,0,0,174,255,255,255,255,113,0,0,0,33,244,255,255,255,255,255,255,255,255,255,255,255,255,189,14,0,0,0,199,255,255,255,255,151,0,0,0,23,213,255,255,255,255,255,255,255,255,255,255,255,255,147,3,0,0,19,225,255,255,255,255,189,1,0,0,8,165,255,255,255,255,255,255,255,255,255,255,255,255,86,0,0,0,65,240,255,255,255,255,228,29,0,0,0,85,255,255,255,255,255,255,255,255,255,255,255,235,9,0,0,0,126,253,255,255,255,255,249,100,0,0,0,0,186,254,255,255,255,255,255,255,255,255,248,105,0,0,0,9,226,255,255,255,255,255,255,195,6,0,0,0,44,200,253,255,255,255,255,255,255,245,141,8,0,0,3,108,255,255,255,255,255,255,255,252,93,2,0,0,0,34,148,222,242,246,246,236,203,95,11,0,0,0,45,224,255,255,255,255,255,255,255,255,231,57,0,0,0,0,1,24,69,84,81,54,9,0,0,0,0,27,188,255,255,255,255,255,255,255,255,255,255,224,82,0,0,0,0,0,0,0,0,0,0,0,0,0,51,203,255,255,255,255,255,255,255,255,255,255,255,255,236,147,45,7,0,0,0,0,0,0,0,4,40,119,236,254,255,255,255,255,255,255,255,255,255,255,255,255,255,255,227,179,120,81,36,36,39,68,117,168,221,253,255,255,255,255,255,255,255,255,255,255,255,255,255,255,255,255,255,255,255,255,255,255,255,255,255,255,255,255,255,255,255,255,255,255,255,255
255,255,255,255,255,255,255,255,255,255,255,255,255,255,255,255,255,255,255,255,255,255,237,251,255,255,255,255,255,255,254,144,54,49,63,179,255,255,255,255,255,255,255,255,255,255,255,254,185,63,40,50,157,254,255,255,255,255,251,44,0,0,0,107,255,255,255,255,255,255,255,255,255,255,255,219,51,0,0,0,112,254,255,255,255,255,251,41,0,0,0,107,255,255,255,255,255,255,255,255,255,255,244,76,0,0,0,0,112,254,255,255,255,255,251,41,0,0,0,107,255,255,255,255,255,255,255,255,255,251,140,6,0,0,0,0,112,254,255,255,255,255,251,41,0,0,0,107,255,255,255,255,255,255,255,255,255,195,21,0,0,0,0,0,112,254,255,255,255,255,251,41,0,0,0,107,255,255,255,255,255,255,255,255,223,48,0,0,0,0,0,0,112,254,255,255,255,255,251,41,0,0,0,107,255,255,255,255,255,255,255,247,95,3,0,0,5,0,0,0,112,254,255,255,255,255,251,41,0,0,0,107,255,255,255,255,255,255,253,153,7,0,0,31,48,0,0,0,112,254,255,255,255,255,251,41,0,0,0,107,255,255,255,255,255,255,203,18,0,0,0,149,63,0,0,0,112,254,255,255,255,255,251,41,0,0,0,107,255,255,255,255,255,225,61,0,0,2,88,244,65,0,0,0,112,254,255,255,255,255,251,41,0,0,0,107,255,255,255,255,251,105,3,0,0,37,215,255,65,0,0,0,112,254,255,255,255,255,251,41,0,0,0,107,255,255,255,253,161,9,0,0,19,178,255,255,65,0,0,0,112,254,255,255,255,255,251,41,0,0,0,107,255,255,255,204,28,0,0,3,133,251,255,255,65,0,0,0,112,254,255,255,255,255,251,41,0,0,0,107,255,255,234,78,0,0,1,73,236,255,255,255,65,0,0,0,112,254,255,255,255,255,251,41,0,0,0,107,255,255,115,3,0,0,29,214,255,255,255,255,65,0,0,0,112,254,255,255,255,255,251,41,0,0,0,107,253,167,15,0,0,14,165,254,255,255,255,255,65,0,0,0,112,254,255,255,255,255,251,41,0,0,0,107,223,32,0,0,2,117,247,255,255,255,255,255,65,0,0,0,112,254,255,255,255,255,251,41,0,0,0,115,100,0,0,0,59,235,255,255,255,255,255,255,65,0,0,0,112,254,255,255,255,255,251,41,0,0,0,60,11,0,0,29,209,255,255,255,255,255,255,255,65,0,0,0,112,254,255,255,255,255,251,41,0,0,0,3,0,0,10,151,255,255,255,255,255,255,255,255,65,0,0,0,112,254,255,255,255,255,251,41,0,0,0,0,0,0,102,244,255,255,255,255,255,255,255,255,65,0,0,0,112,254,255,255,255,255,251,41,0,0,0,0,0,55,233,255,255,255,255,255,255,255,255,255,65,0,0,0,112,254,255,255,255,255,251,41,0,0,0,0,20,194,254,255,255,255,255,255,255,255,255,255,65,0,0,0,112,254,255,255,255,255,251,41,0,0,0,8,134,255,255,255,255,255,255,255,255,255,255,255,65,0,0,0,112,254,255,255,255,255,251,44,0,0,0,101,244,255,255,255,255,255,255,255,255,255,255,255,65,0,0,0,112,254,255,255,255,255,254,144,54,50,97,225,255,255,255,255,255,255,255,255,255,255,255,255,148,58,49,64,175,254,255,255,255,255,255,255,255,255,255,255,255,255,255,255,255,255,255,255,255,255,255,255,255,255,255,255,255,255,255,255
255,255,255,255,255,255,255,255,255,255,255,255,255,255,255,255,255,255,255,255,255,255,255,255,255,255,255,255,255,255,255,255,255,255,255,255,255,255,255,255,255,255,255,255,255,255,255,255,255,255,255,255,255,255,255,255,255,255,255,255,255,255,255,255,255,255,255,255,255,255,255,255,255,255,255,255,255,255,255,255,255,255,255,255,255,255,255,255,255,255,255,255,255,255,255,255,255,255,255,255,255,255,255,255,255,255,255,255,255,255,255,255,255,255,255,255,255,255,255,255,255,255,255,255,255,255,255,255,255,255,255,255,255,255,255,255,255,255,255,255,255,255,255,255,255,255,255,255,255,255,255,255,255,255,255,255,255,255,255,255,255,255,255,255,255,255,255,255,255,245,190,144,130,130,168,229,253,255,255,255,255,255,255,255,255,255,255,255,239,168,130,130,137,180,243,255,252,192,36,21,16,16,28,131,243,255,255,255,255,255,255,255,255,255,255,246,152,28,16,16,18,32,167,249,250,160,0,0,0,0,0,106,240,255,255,255,255,255,255,255,255,255,255,240,109,0,0,0,0,0,126,245,252,179,0,0,0,0,0,55,231,255,255,255,255,255,255,255,255,255,255,239,103,0,0,0,0,0,156,249,255,207,6,0,0,0,0,23,217,255,255,255,255,255,255,255,255,255,255,225,46,0,0,0,0,0,165,250,255,218,47,0,0,0,0,0,142,252,255,255,255,255,255,255,255,255,253,162,0,0,0,0,0,10,208,255,255,231,94,0,0,0,0,0,40,200,255,255,255,255,255,255,255,255,216,49,0,0,0,0,0,62,223,255,255,247,157,10,0,0,0,0,0,62,165,226,255,255,255,255,235,181,86,0,0,0,0,0,5,137,242,255,255,255,214,71,0,0,0,0,0,1,25,86,129,154,154,135,97,41,2,0,0,0,0,0,51,199,253,255,255,255,247,166,35,0,0,0,0,0,0,0,9,25,25,13,2,0,0,0,0,0,0,17,144,243,255,255,255,255,255,240,149,33,0,0,0,0,0,0,0,0,0,0,0,0,0,0,0,0,16,116,229,255,255,255,255,255,255,255,243,164,37,0,0,0,0,0,0,0,0,0,0,0,0,0,0,28,138,230,254,255,255,255,255,255,255,255,255,251,221,127,20,5,3,2,0,0,0,0,2,3,5,16,98,204,249,254,255,255,255,255,255,255,255,255,255,255,255,255,241,177,120,83,42,33,33,33,79,106,164,229,255,255,255,255,255,255,255,255,255,255,255,255,255,255,255,255,255,255,255,255,255,255,255,255,255,255,255,255,255,255,255,255,255,255,255,255,255,255,255,255,255,255,255,255,255,255,255,255,255,255,255,255,255,255,255,255,255,255,255,255,255,255,255,255,255,255,255,255,255,255,255,255,255,255,255,255,255,255,255,255,255,255,255,255,255,255,255,255,255,255,255,255,255,255,255,255,255,255,255,255,255,255,255,255,255,255,255,255,255,255,255,255,255,255,255,255,255,255,255,255,255,255,255,255,255,255,255,255,255,255,255,255,255,255,255,255,255,255,255,255,255,255,255,255,255,255,255,255,255,255,255,255,255,255,255,255,255,255,255,255,255,255,255,255,255,255,255,255,255,255,255,255,255,255,255,255,255,255,255,255,255,255,255,255,255,255,255,255,255,255,255,255,255,255,255,255,255,255,255,255,255,255,255,255,255,255,255,255,255,255,255,255,255,255,255,255,255,255,255,255,255,255,255,255,255,255,255,255,255,255,255,255
